평균기온(℃),최고기온(℃),최저기온(℃),강수량(mm),1시간최다강수량(mm),평균습도(%rh),최저습도(%rh)
21,27.2,15.9,0,0,58.8,41
20.7,26,15.8,0.5,0.5,64.4,39
18.3,19.6,17.1,3.5,2,90.4,82
16.1,20.1,12.5,0,0,45.9,13
14.2,19.9,8.3,0,0,37.9,16
15.4,22,9.8,0,0,36.3,16
16.5,24,10.6,0,0,35.6,15
16.7,22.7,11.7,0,0,64.3,43
13.3,17.5,10.3,9.5,4,75.9,49
17.4,21.4,11.8,0,0,56.9,44
20.4,26.6,15.3,0,0,63.8,44
19.1,23.7,16.3,0,0,71,46
18,25.2,11.6,0,0,41.3,16
18.6,25.2,11.7,0,0,40.4,12
17.7,22.2,13.7,0,0,53.9,30
14.8,16.2,13,1,0.5,88.9,82
16.3,21.9,10.6,0,0,60,32
18.7,26,12.6,0,0,50.1,23
20,27.2,13.7,0,0,45.3,23
20.6,28.3,13.6,0,0,38.5,16
21,28.5,14,0,0,37.3,16
20.8,28.7,14.4,0,0,53.1,26
21.5,30.3,14.1,0,0,48.9,17
23.2,31.5,14.4,0,0,32.9,13
24.3,32.2,16.7,0,0,27.1,15
23.8,29.8,18.5,0,0,36.8,22
19.8,23.2,17,0.4,0.2,71,50
22.1,30.4,15.3,0,0,52.8,18
21.7,28.5,15.8,0,0,44.6,22
23.1,29.8,18.1,0,0,46.9,25
23.3,29.4,17.1,0,0,33.3,13
24.2,31.5,17.1,0,0,28.9,15
19.1,22,17.5,1,0.5,58.8,27
22.4,28.9,16.4,0,0,50.4,29
23.4,31.5,18.7,0,0,46.8,24
22.4,27.8,18.2,0,0,54.9,33
22.2,28.1,18.8,0,0,66.3,37
25.3,34.9,17.6,0,0,54.3,19
24.6,30.2,20.7,7.5,5.5,59.6,25
23.6,29.9,19.4,0.5,0.5,63.1,32
24.7,30.9,20.1,0.5,0.4,61.9,42
22.8,27.7,17.8,15.5,15,70.3,44
24.2,30.6,19.6,0,0,65.6,37
25,30.9,20,0,0,65.9,43
23.4,30.8,20.2,9.5,10.5,72.8,38
24.8,31.3,19.6,3,2.5,59.4,32
24.5,29.9,20,0,0,57.8,39
19.6,22.6,17,44.5,25.5,91,73
22.4,29.6,15.6,0,0,69.1,35
24,29.1,19.4,0,0,60.4,43
24.7,31,19.7,0,0,64.1,38
25.7,30.6,21.1,0,0,58.3,39
24.8,29.1,21,2,1.1,65.1,45
21,25.3,18,12.5,4,75.8,51
25.2,31.1,19.2,0,0,55.3,34
25.4,31.1,21,0,0,61.8,41
25.7,30.6,21.2,0,0,61.8,42
24.4,29.2,21.9,2.5,2,70,45
23.7,27.9,21,0.5,0.5,66.3,38
23.7,29.3,20.4,0,0,64.5,28
23.3,28.3,19.2,0,0,62.6,32
24.1,29.9,18.2,0,0,55.8,29
24.2,29.6,20.1,0,0,57.4,38
25.3,32.5,20.2,0,0,54.3,30
25.6,29.7,21.4,0,0,52.1,34
23.4,26.3,20.7,0.5,0.5,69.8,47
26.5,31.8,22.1,0,0,61.3,43
29.2,34.3,23.6,0,0,60.9,39
30.4,36,25.7,0,0,60.3,40
24.8,28,24,29,4,94.1,71
23.1,24.9,21.4,10,2.5,90.8,76
26.1,31.4,22.5,0,0,72.4,47
27.9,33.9,22.7,0,0,58.8,35
24.7,28.9,20.6,0,0,51.3,38
23.6,28.6,18.4,0,0,49.8,37
24.3,27.8,22.3,0.5,0.5,63.5,44
25.1,29.8,21.3,5,2.5,77.4,51
27,29.6,24.6,11,10.5,81.6,67
27.7,31.7,25.3,1,0.5,76.9,60
26.9,32.1,24.9,16,6,81,55
24.7,25.4,22.6,26.5,7,96.9,90
25,26.4,24.4,80,31,95.1,83
26,30,23.5,40.5,14,85.5,62
26.2,30,24.4,1.5,1.5,86,65
27.7,31.2,24.6,0,0,74.4,52
26.7,28.8,24.8,4,3,82.9,72
28.6,33.1,25.5,0,0,76.4,54
27.9,32.4,26.2,0,0,74.3,51
28.2,31.6,26,0,0,72.8,59
26.5,29.2,24.1,16.5,14.5,84.3,58
27.9,31.5,25.6,0,0,71.5,60
27.5,30.8,25.4,0,0,73.3,62
28.6,32.7,25.9,0.1,0.1,67,45
29.3,34.4,24.5,0,0,64.5,42
28.9,34.4,26,11,9,71.3,45
26.6,33,24.3,7.5,6,79.1,49
26.7,31,23.3,0,0,74.4,49
27,32,23.9,0,0,72.1,45
26.8,30.6,24.5,0,0,73.6,47
27.3,32.9,22.1,0,0,67.5,35
26.5,31.1,23.9,0,0,68.6,40
26.9,32.5,22.7,0,0,66.4,38
27.1,30.8,23.1,0.1,0.1,70.4,50
25.8,31.2,20.7,29,21.5,74.9,51
26.6,32.9,19.8,0,0,61.5,35
27.9,32.2,24.1,0,0,59.9,33
26.8,29.7,24.2,0,0,70.3,54
25.4,28.1,24.2,0.4,0.4,75.5,58
25.2,29.3,23,2.5,2.3,78.3,53
25.5,29.6,23.4,0,0,69.8,43
26.3,31.7,20.9,0,0,65.5,40
26.3,30.3,23.3,0,0,60.6,48
21.7,24.5,19.2,5.5,1.5,76.4,57
21.9,25.3,18.9,0,0,68.4,50
24.7,30,21.2,0,0,61.1,29
23.2,28.1,19,0.3,0.3,69.4,46
24.4,30.8,19,0,0,65.8,32
24.9,31,19.9,0,0,65.9,35
25.9,31.2,21,0,0,62.9,37
25.9,30.7,22.6,0,0,59.4,41
23.9,27.7,22,0.5,0.4,72.8,58
23.9,28.2,19.8,18,16.5,75.1,48
24.8,30.7,20.6,0,0,68.5,36
21.9,23.6,19.4,5,3,79.8,72
22.2,26.2,19.3,0,0,60.4,47
22.6,28.7,16.8,0,0,52.9,34
22.7,28.9,16.2,0,0,43.6,22
22.4,30.1,15.3,0,0,42.9,28
22.4,28.4,17,0,0,62.3,41
21,24.4,16.8,2.5,2,76.4,56
19.2,24,15.5,0,0,60.4,29
20.2,26,15.2,0,0,54.1,27
21.6,26.7,16,0,0,45.5,31
21.4,27.6,15.5,0,0,46.4,28
21.9,29.2,15.9,0,0,52.1,31
22.3,29,17,0,0,58.3,30
22.1,28.3,17.9,0,0,69,39
22.6,29.4,16.5,0,0,62.1,28
23.9,31,18,0,0,48.4,25
22,26.1,19,0,0,57.9,42
23.4,30.6,17.5,0,0,56.4,28
23.4,29.8,19,0,0,56.5,34
22.4,28,17.9,0,0,54.5,28
21.9,29.8,14.2,0,0,39.4,15
21.4,28.3,15.5,0,0,39.6,20
22.1,28.2,15.9,0,0,36.6,21
21.3,26.2,19.4,0,0,45.3,30
16.3,19.7,10.7,35,16.5,77.5,48
16.5,21.5,8.6,0,0,53.5,31
19.2,24.5,13.3,0,0,49.4,23
16.6,22.4,11.2,0,0,38.9,23
18,25.6,11,0,0,49.4,22
18.7,26.3,12.1,0,0,57.5,24
19.6,25.7,14.1,0,0,67.5,42
20.1,26.4,15.7,0,0,61.1,24
16.2,20.5,12.8,0,0,43.8,17
12.8,17.2,10.4,3.5,3,70.9,46
10.8,14.4,8.1,3.5,2,72.6,50
12.3,17.9,8.2,0,0,56.5,35
15,21.3,7.8,0,0,66.4,30
17.1,24.5,10.9,0,0,64.6,26
17.9,26.1,12.1,0,0,62.1,26
17.5,24.2,13.2,0,0,71,39
18.7,26.6,12.4,0,0,64.8,24
17.9,24.2,12.4,0,0,65.1,32
18.1,23.9,13.6,0,0,67.4,34
18.8,25.1,15.4,0,0,69.5,41
17.9,22.7,13.9,0,0,72.5,49
17.5,23.1,14.5,0,0,64.8,47
17.5,21.4,15.2,0,0,69.1,47
16.9,22,13.2,10.5,10.5,64.4,32
16.3,22.8,12.1,0,0,51,32
15,18.7,12,2,1,66.8,47
12.1,15.9,7.7,26.5,4.5,69.3,38
9.9,15.8,5.6,0,0,49,31
8.4,14.7,3.2,0.5,0.5,50.4,24
5.4,10.4,1.7,0,0,41.8,26
5.7,12.3,1.1,0,0,42.5,23
12.9,17.6,8.9,27,6,86.1,72
15.7,20.6,10.2,0,0,46.6,28
18.9,26.9,10.2,7.5,6,50.8,17
16.3,18.6,13,9.5,5,89.3,69
16.5,22.6,10.7,0,0,60.3,29
19.4,26.8,11.6,0,0,44.8,23
20.2,25.4,16.3,0,0,43,22
14.5,18.1,12.5,13.5,2.5,82.4,54
16.4,23.5,10.4,0,0,60.9,35
17.8,24,12.1,0,0,62.4,36
18.6,25.4,12.7,0.5,0.5,57,29
20.2,26.9,15.1,0,0,47.1,21
17.4,24.2,12.3,45,12,73.9,38
15.9,21.9,10.8,2.5,1.5,57,24
19.3,26.6,10.9,0,0,48.8,21
22.3,29.5,13.5,0,0,40.3,16
24.3,31.9,16.3,0,0,36.4,14
24,31.6,16.8,0,0,32,10
24.1,30.4,17.8,0,0,23.8,12
24.7,31.7,17.6,0,0,35,17
23.3,29.4,18.3,0,0,43,25
16.8,21.8,15.4,38.5,7.5,82.6,46
19.7,24.4,15.3,0,0,67.9,46
19.4,22.9,17.5,0,0,72,52
20.9,27.1,14.8,0,0,61.3,28
21.7,28,17.2,0,0,56.1,36
21.5,27.6,17.2,0,0,56.1,34
22.1,28.9,16.9,0,0,57.3,26
21.6,27.6,17.4,0,0,63.6,39
23.3,29.9,17.1,0,0,45.8,23
23.2,29.1,17.2,0,0,38.3,25
22.2,27.7,17.6,0,0,48.1,29
21.2,26.3,18.2,0,0,51.8,35
24.7,32.2,17.3,0,0,47.3,21
23.3,28.4,20.8,0,0,49.1,31
21.7,25.9,19.6,0.1,0.1,69.5,50
22.1,27.7,18.2,0,0,65.9,43
24.1,31.3,17.8,0,0,59.5,31
24.6,31.3,20.2,0,0,60.9,36
23.5,26.5,20.9,3,1.5,74.3,54
23.5,26.7,19.9,1.5,1.5,79.4,60
23.5,29.6,19.4,0,0,70.5,45
23.8,29.5,19.7,0,0,62.5,44
20.9,24.5,17.4,15.5,7,81.8,58
20.9,24.9,18.6,0,0,73.5,51
23.8,29.1,18.6,0,0,63.1,42
24.5,29.9,20.1,0,0,58,39
24.1,29.3,20.3,0,0,64.5,46
24.7,30.7,19.6,0,0,66,40
26,31.3,21,0,0,60.1,36
24.3,30.2,20.9,30.5,26,75.1,48
24.7,29.4,19.6,0.1,0.1,71,51
23.1,25.7,21.1,3.5,1,75.8,56
22.8,26.7,19.2,0,0,63.1,43
24.4,30.3,19.4,0,0,58.4,27
24.4,29.5,19.9,0,0,55.5,30
24.7,29.7,20.4,0,0,61.1,34
25.3,30.2,20.9,0,0,58,40
24.6,26.9,23,0.2,0.1,78.1,65
24,26.6,22,108.5,31.5,86.5,69
23.5,27.7,20.6,4,2,81.4,56
23.5,26.8,21.1,0,0,70.4,50
21.8,24.1,20.2,29.5,13,85.1,66
23.1,24.8,20.2,100.5,40,93.6,88
22.9,26.9,20.3,0,0,74,55
24,28.5,20.1,0,0,71.6,53
27.3,32.4,21.2,0,0,66.5,40
27.7,32.7,23.2,0,0,64.8,38
27.9,33.1,23.2,0,0,64.4,44
28.4,33.4,24.8,0,0,67.4,39
26.3,30.9,22.1,3,2,65.5,46
26.3,29.5,23.2,0,0,69,50
27.5,32.4,24,0.1,0.1,66.9,40
26.2,29.2,23.7,1.5,1.4,60,45
20.8,23.8,19.8,46.5,9,92.8,81
21.7,23.1,20.4,2.5,2.5,82.9,73
24.4,28.4,20.7,0.2,0.2,75.1,56
27.1,32.4,20.9,0,0,65.5,37
28.6,32.9,24,0,0,62.5,46
28.3,32.2,24.9,0,0,61.3,48
29.1,34.1,25.3,0,0,64,46
28.7,31.6,27.2,0.5,0.4,70.4,54
28,30.1,27,0.5,0.5,77.9,66
28.4,31.4,26.4,0,0,75.3,59
28.4,31.9,25.6,0,0,69,53
27.6,28.9,26.7,0.5,0.5,76.4,69
28,30.5,26.7,0.2,0.2,70.6,47
26.3,28.4,23.4,59.5,51.5,82.3,69
28.6,33,26.4,0.5,0.5,73.5,46
28.9,32.8,26.6,0.2,0.1,72.1,47
28.4,32.4,25.8,0,0,72,50
27.2,31.1,25,2,2,72.5,48
29.1,34.2,24,0,0,65.4,44
30.7,35.7,26,0,0,59.6,35
31.2,36,26.5,0,0,60.1,40
30.5,34,26.6,0,0,64.8,49
30.6,35,27,0,0,56,38
30.5,35.5,26.4,0,0,63.1,44
29.3,33.6,26.4,1,0.5,68.3,49
29.4,34.8,26.1,0,0,66.3,39
30.5,36.4,26.1,0,0,64.1,37
30.4,35.9,26.4,0,0,68.3,43
30.2,35.1,26.8,0,0,67.9,38
28.9,31.8,27.3,0.2,0.2,74,58
29.1,34,25.8,0,0,65.5,37
29.3,34.9,26.2,0.5,0.5,64.9,34
29.9,34.7,25.1,0,0,60.4,34
29.9,34.3,26.2,0,0,61.9,41
28.9,33.2,26.6,11.5,11.5,69.5,49
30.1,34.9,26.5,0,0,59,33
30.7,36.6,26.9,0,0,57.5,31
30.7,36.3,25.8,0.4,0.4,58,37
28.3,33,26,8,7,68.8,48
29.1,32.9,26.4,0,0,59.1,43
27.1,32.2,24,4.5,3.5,70.4,43
23,28.2,19.5,20,6.5,57,33
23.4,29.7,16.9,0,0,43.3,27
21,24.5,18.3,1.5,1.5,62.5,45
22.2,27.1,17.4,0,0,54.5,34
20.6,24.5,17.9,0,0,60.4,43
17.7,19.2,16.1,17.5,3,85.3,68
23.2,28.6,15.8,0,0,71.3,43
24.2,29,20.6,4.5,4.5,68.5,48
23.9,28.6,20.4,0.5,0.5,73.8,51
25.6,29.6,22.1,0,0,71.3,52
26.4,31.1,23,0,0,66.1,44
24.7,29,21,0,0,69,43
24.3,28.6,20.9,0,0,69.8,47
23,26.5,21.5,4.5,3.5,76.4,58
23.9,29.3,19.7,0,0,71.1,41
24.4,29.1,20,0,0,65.4,44
24.5,28.2,22.1,0,0,66.3,48
23.4,27.5,21.4,2.5,2.5,68.9,49
24.6,30.8,19.6,0,0,62.5,39
24.6,28.9,21.4,0,0,66.1,46
23.9,29.5,18.8,0,0,68.1,37
24.6,29.5,20.4,0,0,64.9,40
20.6,26.8,15.4,0,0,41.1,26
20.2,25.3,14.3,0,0,43.4,28
21.9,27.2,17.5,0,0,46.3,30
21.4,27.9,16.4,0,0,57.9,34
22.3,28.9,16.5,0,0,60.6,35
23,29.7,18.6,0,0,57.6,27
23.6,28.9,19.7,0,0,59.1,40
21,23.8,19.1,13.5,4,82.5,64
19.9,21.8,18.7,0.5,0.5,84.6,74
20.4,24.8,18.2,0,0,64.4,48
20.5,23.5,17.7,0,0,66.9,54
21.1,25.6,17.5,0,0,69,47
19,22.4,16.7,18.5,6.5,84.1,73
22.7,27.9,19.6,6.5,2,73.3,41
22,29,15.6,0,0,58.9,33
21.1,27.2,17.5,0,0,61.9,42
18,23.5,13.6,0,0,59.3,40
19.7,24.8,16.5,2,1,67.8,47
16.8,21.8,10.3,6,2.5,66.4,33
11.3,16.6,6.5,0,0,46.3,32
14,21.4,7.4,0,0,43.3,22
15.4,21.1,10,0,0,62.4,35
15.5,20.7,11.4,0,0,57,27
15.2,21.9,9.3,0,0,44.1,24
16.7,23.5,10.5,0,0,61.8,39
19.1,27.1,12.4,0,0,60.6,28
17.2,19.5,15.4,1.5,0.5,74.1,55
17.5,21.7,14.5,0,0,76.1,53
17,24,11.2,0,0,70.9,41
18,24.3,14,0,0,67.6,35
18.6,25.8,12.9,0,0,61.3,36
17.9,22,15.7,0,0,58.6,45
18.3,22.8,14.5,0,0,59,45
13.3,17.8,10.6,2.5,1.5,66.3,53
15.1,20.6,9,0,0,54.8,37
14.1,17.5,12.5,37,10,84,57
13.3,16.3,10.5,0,0,81,64
14.6,20.9,8.6,0,0,65.4,44
14.6,18.4,10.2,0.3,0.2,61.8,40
7.8,11.2,3.5,0,0,40.3,31
7.9,15.1,1.6,0,0,31.9,13
5.7,8.2,0.7,0.5,0.3,59.9,42
20.1,28.3,12.8,0,0,50.8,17
20.7,28,15.2,0,0,42,26
21.5,30.2,14.5,0,0,34.1,16
21,27.5,14.8,0,0,43.6,25
20.9,27,15.5,0,0,53.4,35
14.9,19.3,10,0,0,32,16
16.6,22.8,10.9,0,0,42.6,16
17.9,23.5,11.1,0,0,43.6,34
17.1,22.6,15.3,2.5,1.5,62.6,36
16.4,20.8,14.2,2.5,1,73,54
19.3,24.8,13.1,0,0,65.3,48
19.1,21.1,16.8,0,0,71.6,63
16.4,22.6,12.4,6,6,77.8,52
15.7,20.7,11,0,0,58.3,32
16,20.1,12.3,0,0,61.4,45
17.1,22.3,13.3,0,0,60.5,38
18.6,25.9,12.3,0,0,51.5,29
20.4,26.9,13.9,0,0,41.9,28
21.1,27.9,15.1,0,0,42.6,23
20.9,27.3,15.4,0,0,44,28
21.5,27.6,16,0,0,48.1,19
21.8,28,15.9,0,0,53.6,30
20,24.4,17.2,5,4,68,46
21.8,27.8,16.9,0.1,0.1,60.4,31
19.2,24.4,14.4,0,0,45.6,14
17.7,23.2,12.4,0,0,41.5,25
19.5,26.4,13.7,0,0,46.1,24
21.2,27.9,14.4,0,0,50.6,25
22.9,29.3,18.1,0,0,61.8,39
23.6,30.3,18.6,0,0,43.5,7
23.3,29.6,17.7,0,0,49.1,22
23.3,27,20,0,0,51.8,24
20.5,25.6,15.5,0,0,37.4,20
20.5,26.5,16.1,0,0,44,24
21.7,28.1,15.1,0,0,36.9,19
24.2,30.3,16.4,0,0,33.3,18
19.4,23.9,14.5,15.5,8.5,60,36
17.6,19.2,15.1,12.5,4,91.4,78
20.1,25.9,15.1,0,0,67.3,38
21.2,25.7,17.9,0.1,0.1,69.8,50
21.5,27.5,16.7,4.5,4,46.8,14
22.8,29.6,14.8,0,0,33.8,17
22.1,28,17,0,0,45.5,25
21.5,25.9,18.3,0,0,63,44
21.8,26.8,17.8,0,0,63,38
23.1,29.6,18,0,0,62.4,30
25.5,32.7,20,0,0,55.8,31
24.2,29.9,20.6,0,0,52.3,30
24.3,31.8,18.6,0,0,52,25
24.8,30.2,19.5,0,0,50.9,27
26,32.7,20,0,0,43.4,26
25.4,31.6,21.7,0,0,52.6,30
25.3,30.4,21.2,0,0,57.3,36
26.7,34.1,21.3,0,0,53,25
24.5,27.8,21.5,3.5,2.5,60.4,40
23.8,28.4,21,1.5,0.9,75.4,48
23.1,29.9,20.1,29,17,76.9,43
25.2,30.5,20.8,0,0,67.5,44
26,30.5,22.5,0,0,63.5,44
26.2,31.5,21.9,0,0,64.8,40
25.9,30.9,22.2,0,0,65.9,40
25.3,30.7,22.4,0.5,0.5,73.6,45
24.3,26.8,21.9,92,43,90.5,81
24.7,27.4,21.9,67.5,53,87.6,69
26.7,31.6,23.8,0.5,0.5,74.5,51
27.4,32.6,23.3,0,0,66.9,43
27.6,34.6,23.9,34,25,72.3,39
26.4,28.4,24.4,16.5,9,80.8,70
26,27.6,24.6,4.5,1.5,83.3,76
26.3,30.3,23.8,32.5,8,88,66
24,25.4,22.6,144.5,32,96.5,88
26,30.9,22.2,1,1,81.4,54
27.1,31.1,24.9,0,0,75.9,54
27.6,32.1,23.1,0,0,71,51
28.7,33,26.1,0,0,68.4,49
25,27.3,23.4,42.5,17.5,89,75
26.2,28.8,23.4,22.5,12.5,83.4,64
26.8,29,24,7.5,6.5,77.3,65
26.5,30.7,23.9,2.5,1,80.6,60
28.3,34.1,24.5,0,0,71.4,47
29.9,34.9,26,0,0,66.1,46
29.8,32.4,27.3,0,0,73.1,61
29.3,32.5,27.5,0.5,0.4,75.8,59
27,28.1,26.1,133.5,48,89.5,80
26.2,27.3,25.6,3,2,82.3,71
29.4,35.4,24.6,0,0,64.1,38
28.7,32.8,24.2,0,0,55.6,43
27.1,29.7,24.9,3.5,3.5,62.5,45
25.5,26.9,24.8,8.5,2,92.1,86
27.2,30.1,25,0,0,72.3,60
27.9,32.6,24.7,0,0,64.4,42
25.7,27.1,24.8,3.5,2,82.3,72
28.6,33,24.1,2,1.5,73,51
30,33,26.6,0,0,71.9,55
30.2,33.9,27.2,0,0,60.6,37
30.3,35.3,25.9,0,0,60.1,38
31.4,34.8,27.6,0,0,63,52
29.8,34,28.2,5,5,71.9,54
29.2,34.4,26.4,0,0,68.1,37
28.2,31,25.5,0,0,67.1,43
27.6,32,24.6,2.5,2,66.4,42
24.8,26.3,23.9,5.5,1.5,89.9,83
27,32.4,23.9,0.5,0.5,72.5,45
27.8,32.6,23.2,0,0,60.3,43
26.3,28.4,24.2,0,0,62.1,53
24.6,27.1,23.1,1.5,1,67.5,60
21.9,24,20.8,93.5,35.5,93.8,68
23.3,26.8,20.5,2,1.5,80.5,67
24.8,27.7,21.2,0.5,0.5,77.1,65
26.3,30.6,23.9,0,0,75.6,54
26.1,28.7,23.1,0,0,75.8,64
23.2,25.8,22,124.5,32.5,95.6,79
25.8,29.2,23.7,5,2.5,81.5,65
27.3,31.5,23.4,0,0,70.6,49
27.2,30.2,24.6,31.5,16.5,84.1,73
26.5,28.1,23.9,14,6.5,85.3,79
25.3,30.6,22.2,0,0,61.9,19
24.2,29.2,19,0,0,54.5,24
22.7,26.7,19,0,0,62,44
21.5,26.5,18.3,9,5.5,73.1,35
19.5,24,17,0,0,51.4,32
19.8,23.9,16.1,0,0,55.8,33
22.2,27.6,16.6,0,0,62.4,33
23.3,29.7,17.1,0,0,56,31
23.8,29.6,18.6,0,0,59,33
23.7,29.2,19,0,0,64,36
24.6,30.1,19.7,0,0,53.8,28
21.9,23.7,20.4,0,0,62.4,51
20.6,24,18.5,2,1,75.5,61
22.4,27.5,17.8,0,0,73.3,52
24.3,29.9,20.4,0,0,67.5,30
23.8,28.2,19.2,0,0,70.1,43
23,26.1,19.9,0.5,0.4,74.3,56
21.2,24.6,18.6,24,9,79.8,59
22.1,27.9,17.7,0,0,58.6,29
21.4,27.5,15.9,0,0,49.3,30
22.4,29.5,14.8,0,0,48.8,28
22.6,27.9,17.8,0,0,48.4,33
22,27.6,16.7,0,0,50.9,39
23.1,29.2,19,0,0,51.3,34
21.9,27.6,16.4,0,0,62.8,36
22.6,25.8,20.1,8,8,79.1,66
19.5,24.9,14.1,0,0,48.9,29
20.3,27,14.2,0,0,57.3,29
20.6,26.8,15.4,0,0,60.8,34
21.8,27.3,17.6,0,0,69.8,40
22.4,27.9,18.8,0,0,71.5,53
23.4,30.1,17.4,0,0,58,35
25.1,31.4,19.4,0,0,57,36
22.7,27.3,19.9,0.5,0.5,66.4,53
19.2,25.3,14.2,0,0,49.1,20
17.4,23.5,11.2,0,0,39.3,20
20,25.9,14.7,0,0,64.9,49
18.2,21.2,15.5,4,1.1,74.8,50
22,29.4,15.6,1.5,1,62.3,34
17.6,23.6,13.4,0,0,49.8,41
16.7,24.3,10.7,0,0,48.5,32
18.7,23.4,13.9,0,0,56.4,43
18.9,23.3,16.2,0.5,0.5,66.4,44
21.9,28.8,16.9,0,0,67.6,42
23,28.7,19.3,0,0,66.9,42
22.5,27.6,19.8,0,0,66,34
21.4,24.8,18.6,0.4,0.3,76.9,56
15.5,21.7,12.2,20,6,77.1,55
12.8,18.9,6.1,0,0,51,31
14.4,20.5,9,0,0,42.8,21
15.8,23,9,0,0,42.5,22
16.6,22,13.6,0,0,47.6,25
16.2,23.9,9.2,0,0,47.1,26
16.5,19.1,14.2,0.1,0.1,58.8,43
17,23.2,11.9,0,0,58.3,32
17,24.2,11.1,0,0,58.6,30
17.6,25.2,11,0,0,52.8,25
16.3,23.5,11,0,0,50.4,33
13.7,20.6,8.6,0,0,47,30
14.4,20.9,9.9,0,0,54.3,30
14.4,20.6,9.5,0,0,59,26
14.5,18.1,10.7,0,0,56.5,31
16.9,24.2,11.9,0,0,54.4,32
17.2,24.8,10.6,0,0,51.9,29
11.5,17.2,6.3,0,0,45.6,25
7.7,13.2,2.5,0,0,27.4,16
10.4,16,3.6,0,0,54.3,32
20.4,23.3,17.8,0,0,72.8,58
15.1,19.7,8.7,12,6.5,90.4,75
11.2,14.7,6.9,1,0.9,62.4,45
14.1,20,8.8,0,0,45.5,25
18.3,24.6,11.6,0,0,46.8,27
16.6,20.7,15,22,4,86.4,60
19.2,25.5,14,0,0,60.3,26
17.5,22.9,11.6,0,0,50.9,36
15.7,21.8,9.2,0,0,50.4,31
15.4,21.4,11.3,0,0,67.4,44
16.1,21.3,11.9,0,0,59.8,36
14.2,16.1,11.8,32,4,89.3,50
15.8,20,12.7,0.5,0.2,82.5,61
18.2,24.5,11.9,0,0,71.4,45
23.2,29.3,15.4,0,0,56.4,31
22.3,24.4,21.8,45,35,93.8,62
20.9,23.5,18.8,83,19.5,97,80
16.3,19.3,12.2,6.5,2,86.8,66
17.6,24.7,10.3,0,0,47.5,31
17,22.6,11.5,0,0,32.1,22
17.8,23.7,11.3,0,0,43.9,24
18.1,23.2,15.4,12.5,4,75.5,48
17.3,23.3,13.6,6.5,3.5,57.1,27
18.3,23.7,11.2,0,0,47.4,24
19.7,26.2,13.8,0,0,47.4,22
21.8,29.6,14,0,0,50.1,27
20.3,24.7,17.3,0,0,47.4,30
22.3,29.1,16.2,0,0,49.8,34
21.4,25.9,19.1,1,1,69.3,50
20.2,24.7,15.8,0,0,69.8,35
20.9,27.6,14.2,0,0,58.9,35
23.8,30.2,17.5,0,0,50.4,30
23.4,30.1,17.6,0,0,44.5,20
24,30.8,16.9,0,0,39.4,19
22.6,27.5,18.9,0,0,50.1,27
23.7,29.2,17.7,0,0,52.5,31
23,27.9,18.4,0,0,62.9,44
22.2,29.4,17.8,0,0,69.3,37
21.9,27,18.5,0,0,68,47
23.7,30.1,18.9,0.5,0.5,60.6,35
21.3,24.9,18.3,0.5,0.5,59.9,47
20.2,23.9,18,5,4.5,67.3,45
21.3,27.1,16.6,0,0,65.5,40
22,27,18.3,0,0,64,46
21.6,25.1,18.8,29,19.5,74.9,55
21.7,27,17.2,16.5,11.5,60.8,38
22.5,28.7,16.3,0,0,56.4,36
22.8,27.5,18.9,0,0,66.9,43
24.8,30.8,19.9,0,0,54.9,31
22.4,27.2,19.1,0,0,61.3,41
22.7,28.4,19.1,0,0,68.1,41
23.7,28.7,19.4,0,0,60.1,32
25,32,18.2,0,0,45.1,20
24.5,28.9,20.9,0,0,50.6,28
25.2,32.1,20.1,0,0,62.8,28
27.1,32.9,21.3,0,0,57.1,31
22.3,26.9,20.2,71.5,18.5,88.3,47
22.3,25.5,19.1,1,0.5,81.9,65
23.3,27.3,20.6,26.5,22.5,85.1,61
24.7,29.1,21.9,6.5,4.5,78.5,56
24.4,27.9,21.6,14.5,9.9,83.8,65
21.9,22.8,21,83.5,20.5,94.6,84
22.6,25.3,20.6,59.5,25,95.4,84
27.4,32.6,22.5,0.1,0.1,74.4,47
27.3,31.8,24,0,0,69.6,51
25.3,29,23.4,0.5,0.5,72.8,58
23.9,27.1,21.5,0,0,57.8,49
23.7,29.2,19.5,0,0,51.4,42
23.3,28.1,17.7,0,0,51.5,36
20.8,24.2,20.1,14,9.5,82.3,61
23.7,26.5,20.4,16.5,9.5,87.8,74
26.8,29.5,24.4,3,1,82.9,66
26.6,28.2,25.1,1,0.5,82.4,73
27.3,30.9,24.7,0,0,74.8,58
27.9,31.9,24.6,0,0,69.6,51
28.3,33.2,24.5,0,0,69.6,46
28.7,34,24,0,0,64.3,40
28.1,32.1,23.9,0,0,66.5,45
28.2,33.2,23.7,0,0,64.8,41
28.7,34.1,23.2,0,0,64.1,40
29.5,34.7,24.6,0,0,62.6,41
30.6,36.9,24.9,0,0,53.6,29
31.8,38,25.3,0,0,49.6,30
31.7,35.7,29.2,0,0,53.8,41
31.4,36.8,27.2,0,0,59.5,40
30.1,34.1,27.7,0,0,66.3,50
30.1,33.7,27.3,0,0,68.8,51
30.9,35.4,27.2,0,0,69.3,48
29.5,35.2,28,7.5,7.5,77.1,53
31.3,36.7,26.4,0,0,52.4,32
31.7,36.9,26.2,0,0,50.9,35
32.6,38.3,27.8,0,0,50.5,32
33.6,39.6,27.8,0,0,55.5,35
33.7,37.9,30.3,0,0,54.4,38
33.1,37.9,30,0,0,55.3,39
31.1,34.9,28,0,0,60.6,46
30,33.9,27.2,2,2,71.8,50
30.5,35.3,28.3,6.5,4.5,71.6,49
30.5,35.9,26.8,0,0,63.4,43
31,35.3,27.6,0,0,64.8,35
28.8,32.5,27.1,2,1.5,76.3,58
30.7,36.8,25.7,0,0,60.9,37
31,36,26.4,0,0,55.8,34
30.6,35.3,27.2,5,5,61.3,39
30.5,34.4,26.7,1,1,68.6,47
31.7,37.2,27.7,0,0,58.3,34
31.7,38,28.3,1,1,59.5,34
29.9,35.6,24.1,0,0,51,36
27.2,33.8,21.7,0,0,39.8,25
26.7,32.1,21.5,0,0,44.6,28
28.2,34.4,23,0,0,50.6,29
29.1,33.3,25.1,0,0,55.6,41
26.6,31,23.4,5,3,71.4,49
30.7,37.6,23.4,0,0,54.1,34
29.4,32.2,25.7,3,1.6,59.1,48
24.4,26.3,23.2,7.5,1.5,86.3,73
25.2,29.3,22.7,0,0,68,50
23.2,29,20.3,2,1.3,70,41
22.7,24.9,20.2,19.5,4,91,82
23.7,26.1,22.5,96.5,43.5,92.4,72
25.2,27.4,22.7,42,21.5,86,72
25.3,28.2,23.9,9.5,7.5,80.9,62
25.6,30.3,22.8,0.1,0.1,67.4,40
25.5,30.9,20.8,0,0,59.4,38
25.1,29.6,20.1,0,0,55.8,38
23.3,25.8,21.4,34.5,20,85.3,67
23.2,27.8,20,0,0,69.4,43
24,28.5,19.6,0,0,63.5,36
24.1,28.2,20.9,1,1,69.9,42
22,25.5,19.1,0.5,0.5,54.6,32
21.7,27.7,15.9,0,0,48.8,29
22.2,28.9,15.6,0,0,49,26
22.9,28.4,18.6,0,0,49.5,33
21.6,26.1,16.8,0,0,48.1,37
22.8,28.2,16.8,0,0,52,39
23.5,28.3,20.3,0,0,63.5,45
23.5,26.8,20.3,0.5,0.5,66.9,51
23.3,26,21,0.2,0.1,76,61
22.2,23.9,21,2,1,83.6,58
22.3,27.7,18.5,0.1,0.1,64.3,32
22,26.5,17.7,0,0,59.8,33
22.1,26.6,18.9,0.2,0.1,59.1,34
19,20.1,17.8,5,2,82.4,57
19.4,21.9,17.6,18,6.5,85.8,72
20.8,25.5,17.2,6.5,6.5,62.3,24
19.4,25.3,15.6,0,0,52.9,27
17.6,22.1,14.2,0,0,48.3,27
17.8,24.3,10.8,0,0,48,23
19.4,24.8,16.2,0,0,47.9,32
18.9,25,13.2,0,0,47.6,28
17.5,22.2,14.3,0,0,58.1,45
20.2,27,14.6,0,0,55.5,31
17.6,21.6,14,0,0,52.5,27
15.4,19.7,13,0,0,55.1,32
15.9,22,10.3,0,0,61.4,35
17.3,24.2,11.2,0,0,58,33
19.3,25.6,13,0,0,56.5,34
16.9,19,15.7,36.5,8,84.1,55
18,21.7,16.3,55.5,10.5,84,56
16.4,21.1,12.3,0,0,53.5,29
14.8,20.9,9.2,0,0,47,21
15.3,19.8,10.7,0,0,52.5,33
12,16.7,7.9,7,5.5,61,38
9.7,13.9,6.1,0,0,51,31
10.9,17.4,5.2,0,0,54,32
12.5,19.8,6.1,0,0,54,26
13.2,20.3,6.8,0,0,60,28
15.2,21,10.9,0,0,69.9,40
14.5,20.3,9.9,0,0,55.9,27
12.4,18.6,8.4,0,0,53.3,16
12.7,19,7.5,0,0,59.5,37
13.1,20.4,7.2,0,0,54.3,28
13.4,21.4,6.9,0,0,53.9,19
13.4,21.1,7.2,0,0,49.5,21
14,20.6,8.8,0,0,50,29
12.2,16.9,9.8,5,5,75.1,61
12.5,18.7,7.6,0,0,66,37
13.8,21.2,7,0,0,55.5,28
12.2,14.7,9.9,11,6,74.1,55
8.7,11.6,6.2,0,0,49.6,30
8.3,13.5,5.2,5.5,2.5,77.1,53
7.2,11.7,3.4,0,0,57.3,37
6.1,11.6,0.7,0,0,51.3,31
7.4,12.6,3,0,0,55.4,33
16.4,22.2,11.2,0,0,48.9,28
17.1,25.3,10.6,0,0,28.5,14
17.9,26.1,10.1,0,0,37.5,17
19.5,27.4,12,0,0,40.4,18
19.2,26.5,13.6,0,0,35.8,12
14.5,19.8,9.8,0,0,27.1,12
15,21.9,8.4,0,0,33.4,16
15.6,21.3,10.1,0,0,48.3,31
16.6,22.9,11.7,0,0,43.3,19
17.8,26.8,10.3,0,0,48,28
20.3,28.3,13.2,0,0,39,22
21.6,28.9,14.7,0,0,36,24
18.7,22.8,15.5,0,0,43.4,29
19.6,26.9,12.9,0,0,44.5,24
20.7,28,14.8,0,0,48.1,23
23.5,30,16.7,0,0,43.8,25
23.6,28.3,17.6,0,0,44.9,31
22.8,25.9,19.1,0,0,46.8,38
19.4,21.6,17.9,22,4.2,93,55
16.4,20.2,13,8.7,6.1,63.6,33
17.2,23.8,11.7,0,0,52,22
19.5,26.5,12.3,0,0,46,19
22.1,29.2,15,0,0,45,16
24.2,33.4,16.2,0,0,46.4,27
23.4,28.6,18.4,0,0,45.6,15
24.5,31.1,18.6,0,0,39,21
17.8,22.3,14.3,7.1,1.7,80.9,42
18.1,24.6,11.9,0,0,45.9,20
20.3,26.5,13.3,0,0,48.4,21
19.6,24.5,14.6,0,0,48,31
19.1,23.3,16.1,0,0,49.6,35
18.9,23.7,14.8,0,0,60.5,40
21.1,27.8,14.1,0,0,42.1,22
23.1,29.5,16,0,0,42.9,27
22.6,29,17.6,0,0,56.4,34
23,29.6,17.8,0,0,63.8,38
21.2,25.1,18.6,7.5,3.4,75.9,56
20,24.7,17,35.3,12.1,77.3,50
21.9,27.6,16,0,0,57.5,28
21.6,26.5,17.1,2.5,1.6,66.1,47
18.4,21.9,15.7,9.5,3.5,70.3,49
20.5,26.1,15.5,0,0,51.1,32
21.5,26.4,16.1,0,0,57.1,40
23,28.8,16.6,0,0,51.9,33
23,28.4,19.1,0,0,54.8,30
21.9,27.4,17.9,2.1,2.1,61.5,37
22,27.2,16.1,0,0,55.4,34
21.7,26.2,18.1,0,0,59.1,35
20.8,24.8,17,13.8,7.8,78.6,54
21.4,25.4,18.9,0.2,0.2,77.8,55
22.7,27.8,19.8,0,0,70.6,45
22.1,26.1,19.4,0.2,0.2,72.9,55
24.2,30.6,17.7,0,0,42.3,25
25,31,19.1,0,0,40.4,28
25.2,30.9,20.9,0,0,46.9,28
25.6,32.8,19.5,0,0,49.1,24
25.5,29.5,20.7,0,0,52.6,34
25.5,31.2,21.9,1.4,1.3,70.5,39
24.7,29,22.3,0,0,67.3,49
23.1,27.7,19.6,1.5,0.5,72,44
23.9,28.5,20.9,0,0,73.5,47
23.9,28.9,20.6,0,0,64.4,36
24.4,30.1,20.8,0,0,63.5,33
24.1,27.4,21.2,0,0,64.6,46
25.4,32.8,20,0,0,59.6,27
27.6,35,20.2,0,0,42.1,24
29.7,36.1,24.6,0,0,40.9,24
26.7,32.5,22.7,0,0,43.3,28
25.1,31,21.2,0,0,46.6,32
25,30,19.7,0,0,46.4,32
22.7,27.3,19.3,8.5,2.7,64.1,41
21.9,25.9,19.5,2.9,1.6,76.9,58
23.6,28.7,20,0,0,65.5,44
24.9,29.7,22.1,0,0,67.3,43
25.9,31.6,21.2,0,0,64.6,38
23.8,27.4,22.1,7.7,4.3,80,59
24.7,28.8,21.4,6.3,4.4,79,52
25.6,29.2,22.3,0.7,0.7,73.9,54
26.9,32.1,23.3,0,0,65,41
28.6,35,22.8,0,0,61.3,37
28,31.9,25.1,1.1,0.8,66.9,50
25.1,27,24.2,6.2,1.6,87.1,74
26.7,31,24.2,0.1,0.1,74.6,54
28.1,32.9,24.4,0,0,70.8,48
26.5,27.2,25.2,1,0.6,82.3,75
26.3,27.4,25.6,9.7,5.1,90.1,79
25.1,25.9,23.7,60,20.7,95.3,91
28.4,33.4,24.9,0.6,0.6,76.6,48
26.1,28.2,25,25.6,11.3,88.3,77
27.5,30,25.6,0.5,0.5,74.5,63
28.1,30.8,26.3,1.2,0.8,75.3,64
25.8,27.5,24,62.3,26.3,91.1,79
26.3,30.1,23.5,26.9,11.3,86.4,66
28.4,33.1,24.7,0,0,74.6,48
29.4,36,25.6,3,3,69,39
28.3,34.4,25,8.6,8.3,75.9,48
30.5,35.9,25.6,0,0,65.5,38
31.6,36.8,27.9,0,0,51.4,31
26.9,30.3,23.9,8,2.3,78.1,51
28.9,32.7,25.9,0,0,71.4,52
29.8,34.6,26,0,0,69,46
31.5,36.5,26.6,0,0,57.9,40
30.4,35.7,26.3,6.7,5.7,53.6,34
26.6,28.5,24.8,56.2,12.3,91.8,79
29.2,35.3,25.1,6.4,6.4,76.9,43
30.4,35.7,25.9,0,0,63.9,42
25.9,28.6,23.9,16.2,8.1,82,61
25.9,29.5,23,0.1,0.1,74.5,59
25.9,28.8,23.4,0,0,69.5,45
25.6,30.7,22.6,0,0,66.5,37
26.3,31.3,21.2,0,0,60.6,35
28.2,32.8,23.2,0,0,56.3,39
27,30.4,24.4,1.3,0.5,67.3,49
26.9,31.4,23,0,0,66.5,36
26.2,30.5,22.7,0,0,58.4,28
24.1,27.3,21.5,0,0,60.9,46
25,29.9,20.2,0,0,66.6,43
26.4,32.1,21.5,0,0,63.8,34
25.7,29.3,22.2,20,16.7,71.1,44
26.1,30.2,23.6,0,0,66.2,37
23.4,26.4,20.1,36.9,29.4,77.1,54
22.6,27,19.5,0.2,0.2,66.3,42
23.5,28.9,18.5,0,0,65,38
23.7,27.8,19.2,0,0,64,37
24.4,29.7,19.4,0,0,56.6,34
24.1,28,22,0,0,67.6,50
22.8,25.5,21.2,22.7,6.8,89,73
23,27.6,21.5,36.4,18.4,91.4,66
25.3,29.1,21.6,2.4,2.1,79.8,63
25.7,29.5,22.6,2.8,0.6,72.9,58
24.7,27.3,22.9,0,0,76.9,62
25.1,28,22.4,0,0,74.3,55
23.8,26.5,22.1,63.2,11,93.4,73
24.3,28.7,20.4,7.6,2.6,71.4,54
21,22.9,18.7,3.9,1.4,72.3,56
23.3,29.3,18.3,0.1,0.1,60.4,34
22.4,24.1,20.8,0.3,0.3,80,61
24.2,30,19.5,0,0,70.4,40
24.5,30.5,20.7,0,0,53,28
23.5,29,18,0,0,41.6,24
21,25.4,16,0,0,46,27
19.5,26,13.6,0,0,46.5,32
19.6,24.2,15.8,0,0,52.8,39
19.6,22.1,18.3,0,0,60.3,48
18.6,19.6,17.3,0.4,0.2,63.4,54
20,24.6,16.9,0,0,51.1,33
19.8,26.5,13.9,0,0,61.3,31
20.9,27.4,14.8,0,0,64.4,34
22.9,29,17.7,0,0,59.3,31
22.9,27,19.6,0,0,57.5,35
23.7,29.2,19.4,0,0,58.9,35
22.6,28.6,17.9,0,0,60.6,28
22.4,29.9,16.4,0,0,61,29
23.1,28.2,17.6,0,0,67.1,46
21.6,24.2,20,23.1,4.6,88,66
22.4,27.3,19.8,4.6,2,73.4,45
22.4,27.8,18,0,0,71.5,50
18.7,21.9,14.7,0.6,0.5,72.6,59
18.1,22.7,13.2,0,0,53.4,38
14.8,17.9,13.3,25.4,5.6,92,58
14.7,19.8,10.6,0,0,58.8,26
13.6,20.4,7.7,0,0,48.3,23
15.2,19.8,10.7,0,0,60.9,39
18.8,26.1,13,0,0,60,30
17.9,23.3,13.3,0,0,49.3,34
17.2,23.8,12.1,0,0,52.6,32
14.4,19.6,9.5,0,0,56.9,33
14.5,20.4,8.8,0,0,55.6,38
14.6,20.8,9,0,0,58.3,32
15.4,21.6,11.2,0,0,56,31
17,22.7,12,0,0,58.3,43
17,23.1,12.1,0,0,63.8,38
16.5,22.9,12,0,0,70.3,38
17.1,24.6,10.9,0,0,61,28
18.1,24.4,13.3,0,0,56.1,35
17,20.7,14.3,0,0,57.3,42
18.3,23.8,15.3,0,0,47.6,33
16.7,22,13.1,0,0,58,34
10,14.9,6.6,0,0,60,39
11,17.4,4.7,0,0,59,34
12.9,17.7,7.4,1.7,1.1,65.9,39
12.5,17.6,8.2,0.1,0.3,61,32
11.2,17.7,5,0,0,60.3,37
14.8,19.7,8.4,0,0,73.8,55
20.2,26.2,16.4,0,0,73.6,54
20.3,23.9,18,0,0,79.6,62
21.8,27.4,17,0,0,68.8,46
20.2,25.3,14.8,0,0,63.9,44
16,19.3,13.1,0,0,67.9,54
19.4,27.6,11.1,0,0,50,19
20.7,26.5,14.9,0,0,32.5,20
19.9,27.3,14.3,2.3,1.6,32.8,11
14.2,16.8,12.7,24.4,4.7,94.4,76
14.4,16.6,12.8,1.3,0.7,88.6,78
16.5,22,12.4,3.4,3.8,61,27
14.3,18.9,10.5,0.7,0.7,69.4,47
16.1,21.8,10.2,0,0,47.3,24
19.3,25.4,12.4,0,0,35.4,20
16.1,20.2,14.1,12,2.1,81.4,34
16.7,20.3,15,2.5,0.5,90.3,74
19.1,24.9,14.6,0,0,80.1,58
19.1,26.8,13.2,29.8,19.8,79.4,46
13,17.1,10.1,19,9.6,73.6,52
14.4,20.1,9.2,0,0,60.4,46
17.4,22.9,10.9,0,0,56.1,40
18.5,22.7,14.8,0,0,68.5,55
20.1,25,16.6,0,0,66.1,44
17.1,20.2,14.3,14.5,9.9,84.8,70
16.6,21.3,13.7,0,0,81,62
16.2,22.9,12.7,1.5,1.5,81.9,47
17.4,23.9,11.8,0,0,68.5,31
18.7,23.4,14.2,0,0,62.8,38
20.7,27.6,14.6,0,0,65.6,38
22.6,30,16.5,0,0,57.3,29
21.2,28,17.6,1,1,63,39
19.7,24.5,16.6,0.4,0.3,64.3,37
17.9,21.8,14.8,2,1.9,71,43
22,28.4,17.6,0,0,73.3,47
21.9,26.5,19.7,0.2,0.1,81.1,57
23,28.7,18.4,0,0,69.4,45
24.6,30.9,19.2,0,0,63.6,38
22.7,29.2,19.2,0,0,69.4,44
25,32,19.8,0,0,63.6,40
26.7,32.8,20.3,0,0,51.6,34
25.8,32.1,22.5,6.2,2.9,63.8,41
26.1,31.6,21.7,0,0.1,68.3,38
24.7,27.6,21.6,0,0,68.6,49
26.9,33.5,20.6,0,0,52.8,27
24,28.8,20.1,1.1,1.1,70.6,41
23,28.6,18.2,0,0,62.3,31
24.4,30.7,20,0,0,63,37
24.3,30.3,20.2,0,0,58.6,37
23.4,27.3,20.3,0,0,61.4,47
24.7,30,21.1,0.1,0.1,61.4,45
24.9,29.7,20.7,0,0,62.6,48
26.1,32.7,19.5,0,0,59.5,39
28.6,35.4,21.7,0,0,50.5,26
27.3,31,23.2,0,0,53.5,42
22.3,26.3,19.9,37.6,8.5,83.5,55
21.6,23.4,20.1,13.3,3.5,91,79
21.8,25.7,19.2,2.1,0.9,82.1,63
24.1,29.6,20.4,0,0,70.4,52
25.2,30.1,21.5,0,0,70.5,49
23.8,26.5,20.6,11.9,9.6,77,64
20.1,23.1,18.4,64.7,15.9,83,63
21.1,24.3,18.1,0,0,79.3,67
24.2,29.8,20.4,0,0,74.5,51
25.5,30.6,21.6,0.1,0.5,63.5,34
24.2,29.5,20.4,1.6,0.9,63.9,39
23.8,27.6,19.9,0,0,68.6,52
25.6,30.9,21.8,0,0,66.6,46
24.1,28.1,22.1,0,0,75.5,59
25.5,30.4,21.3,0,0,71.9,52
27.5,32.9,21.8,0,0,64.6,38
24.5,27.7,22.7,2.2,1.9,75,60
25.8,30.2,22.2,0,0,62.6,49
23.5,26,21.7,2.9,0.9,71.9,58
18.7,21.7,17.7,47.6,6.2,94.8,86
20.3,24.3,17.2,11.5,5.9,79.4,62
23.4,28.7,18.9,0,0,63.1,40
25,29.7,20.4,0,0,70.9,55
26,31.6,21.5,0,0,72,52
26.1,31,22.8,0,0,71.6,54
24,26.6,20.6,29.1,19.3,81.6,62
23.8,26.6,22.4,3.6,1.3,86.3,77
25,30.5,21.4,0,0,77,51
23.7,25.7,22.6,11.5,6.2,89.3,81
21.1,22.6,18.5,103.1,18.5,95.5,89
22.5,26.8,18.7,2.9,2.3,74.3,61
24.3,29,22.3,0,0,69.3,56
25.4,29.6,21.6,0,0,69.3,56
24.3,25.5,22.9,2.2,0.6,86.4,80
24.4,26.4,22.7,0.4,0.3,84.8,71
23.7,24.9,22.6,50.1,27.1,95.8,89
25.3,28.4,23.4,0.1,0.1,85.5,68
26.2,29.6,22.8,1.5,1.2,81.9,69
25.3,26.9,24.3,39.1,23.6,90.9,82
24.9,26.4,23.5,31.4,13.8,96.3,90
25,26.3,23.9,102.6,28.5,96.3,89
27,29.4,25,3.9,1.8,89.3,77
26.5,29.1,25.5,18.5,14.4,92.1,81
24.1,26,22.9,75.7,19.9,92.8,83
24.3,26.1,22.6,0,0,85.3,71
24.2,26.1,22.7,19.1,5.9,89.5,77
24.9,25.8,23.7,50.3,13.9,95.4,89
26.5,29.5,24.7,44.6,28.6,91.6,78
24.6,27.3,22.4,97,23.6,92.5,79
27.2,31.3,23.5,0,0,83.9,68
28,30.3,26.3,0,0,82.4,74
27.1,28,26.5,0.4,0.4,86.1,81
26.1,27,25,69,23.7,96,92
27.4,30.8,25.3,0,0,82.6,66
28.2,32.2,26.1,0,0,77.9,61
27.5,31.9,24,0,0,76.3,56
27.1,31.4,23.6,0,0,76.8,61
27.7,31.7,25,0,0,76,58
26.6,29.2,25.2,2.5,2.1,83.1,75
24.3,27.6,21.7,42.6,23,87.4,78
25.3,29.9,21.5,0,0,78.4,59
27.8,32,23.7,0,0,71.6,54
29.9,34.5,26,0,0,69.5,49
30.2,34.5,27,0.6,0.6,68.3,53
27.1,28.6,25.6,8.7,4.2,84.6,70
27.3,29.7,26,13.6,6.7,89.1,77
26.8,29,25.5,13.6,6.5,90.1,77
26.8,30.6,24.4,42.5,32.5,88.8,74
26.4,30,23.8,0,0,77.9,67
26.6,29.5,23.8,0,0,72.4,62
24.3,26.4,22.6,33.3,20,91.3,79
22.7,25.6,20,29.8,5.1,82,63
23.3,27.5,19.9,0,0,63.9,39
23.3,27.3,19.2,0,0,66.6,53
21.7,24.4,19.5,6.4,4.1,80,62
19.2,20.6,17.5,61,8.4,93.5,84
23.4,26.5,20.6,0,0,71.5,50
21.1,25.3,19,1.3,1.1,83.4,65
22.8,27,18.8,3.9,3.5,75.8,49
22.4,27.1,19.2,1.2,1.4,72.6,47
20.2,23.2,18.1,5.7,1.8,83.8,74
21.5,26.6,16.7,0,0,70.4,52
21.3,24.9,17.6,0,0,79.3,62
23,27.7,18.9,0,0,76.4,50
22.5,24.9,21.3,0.3,0.2,79.9,70
21.3,23.6,20.1,0,0,70.3,47
21.5,25.8,18.1,0,0,62,35
21.2,26.2,17.6,0.3,0.2,59.3,27
19.7,24.9,15.6,0,0,57.6,33
19.1,25.3,13.6,0,0,56.1,33
20.2,25.6,15.5,0,0,55.3,35
19.2,23.8,15.2,0,0,59.9,50
20.6,25.4,16.8,0,0,59.6,49
20.1,25.4,16.6,0,0,64.1,49
19.3,24.8,14.8,0,0,62.5,45
20.4,25.8,14.9,0,0,63.3,43
20.7,26.5,15.7,0,0,66,40
19.6,23.9,15.3,0,0,67.6,43
19.6,25.7,16.2,38.3,34,78,48
18.8,23.6,15.6,0,0,74.9,58
19.2,21.9,16.3,0,0,79.6,63
19.9,23.2,18.3,0,0,72.5,46
16.6,21.8,10.6,0,0,65.1,42
13.3,18.4,8.5,0,0,57.3,40
14.2,19.7,9.3,0,0,55.9,34
16,22,9.9,0,0,48.9,24
17.2,23.1,12.1,0,0,53,35
17.2,23.3,12.4,0,0,53.4,42
16.9,21.5,12.3,0,0,60.1,41
16.9,20.8,12.7,0,0,68.5,52
16.2,21.3,12.1,0,0,68.6,48
13.6,18.4,8.6,0,0,52.3,30
12.8,18,8.5,0,0,47,20
11.7,18.5,6.5,0,0,41.8,27
11.8,15.4,8.6,0,0,64.3,48
13.1,18.6,8.7,0,0,64.3,26
13.6,20.2,7.2,0,0,65.5,40
15.1,21.3,9.8,0,0,74.4,38
15.2,21.7,9.9,0,0,67.1,38
14.1,17.3,11.8,0,0,69.4,58
13.5,18.2,8.4,0,0,66,40
8.6,13.3,5.4,0,0,51.5,34
8.7,14,3.2,0,0,47.6,27
11.8,18.2,5.4,0,0,62.5,29
12.9,19,8,0,0,71.6,42
14,19.4,9,0,0,74.1,39
13.8,18.2,8.6,0,0,52.1,23
10.8,16.1,5.5,0,0,40.3,24
11.9,19.6,5.8,0,0,42.9,22
13.6,18.2,8.5,0,0,60.3,51
10.2,15.3,8.5,8,5.3,80.8,47
12.4,18.7,7.3,1.7,1.2,67.9,41
14.1,20.3,8.4,0,0,56.4,27
13.8,15.8,11.4,19.6,5.1,82.6,53
13.9,18.4,10.3,0.1,0.4,64.4,29
15.7,23.1,7.9,0,0,46.4,27
14.4,17.2,10.7,8.8,8.8,60.3,38
14.3,21,8.9,0,0,66.1,36
15.7,21.8,10,0,0,51.3,25
13.2,14.6,11.7,0,0,67.9,59
18.5,25.7,9.4,0,0,48.9,28
22,27.7,16.9,0,0,39.5,26
22.9,29.6,16.6,0,0,54.4,36
24.1,30.8,18,0,0,60.3,35
22.1,26.2,20.8,15,5.8,79.5,56
18.4,20.8,14.8,66.9,11.3,97.6,94
15.3,16.7,14.2,3.1,1.7,93,86
17.9,24.5,13.6,0,0,70.5,45
19.9,26.6,12.4,0,0,52.3,31
18.7,22.9,15.6,0.9,0.5,59.8,42
16,18.2,14.2,6.9,2,86.5,73
18.6,23.8,13.8,0.2,0.2,69.3,43
19.5,25.1,14.3,0,0,64.4,46
19.4,24.5,16.4,0,0,61,28
15.3,19.3,11.9,8.3,5.4,72.3,37
18,23,11.5,0,0,58.5,31
15.8,18.7,13.9,8.9,6.5,83,52
15.3,19.7,12.4,12.3,4.7,86,66
15.4,19.1,12.8,0.3,0.2,79.8,59
18.4,26.3,10.8,18.1,11.3,73,37
19.9,23.8,16.5,4,4.7,78.9,63
20.2,23.9,15.9,3.2,2.3,74.6,57
23.2,29.7,16.6,0,0,64.4,37
19.1,22.7,14.6,18.1,5.1,80.8,59
18.5,23.6,13.3,0,0,69.4,38
20.8,25.7,17,0,0,68.1,40
23,28.2,18.4,0,0,69.6,48
21.1,24,19.4,0,0,71.5,57
23.6,29.5,18.8,0.1,0.1,69.6,43
25.8,31.6,19.5,0,0,59.1,36
24.9,29.8,20.5,6.1,5.1,68.5,43
21.5,24.4,19.9,4.6,2.6,84.5,70
24.2,30.2,18.2,0,0,74.6,49
24.8,29.7,20.9,0,0,72.6,54
24.8,30.2,18.9,0,0,68.8,50
22.5,25.3,21.5,1.9,0.9,79.1,68
24.3,28.9,20.3,0,0,59.9,46
21.9,25,19.6,0,0,71.4,58
20,21.4,19,6.3,1.7,92.1,82
22.3,27.4,17.5,0,0,74,49
22.9,29,17.6,0,0,73.3,48
23.6,28.5,19.2,0,0,67,45
22.8,28.6,19.7,0,0,67.9,41
22.4,27.9,18.8,7.5,7.5,70.5,49
23,28,18.5,0,0,71.1,51
24.1,29.5,19.5,0,0,69,48
22.8,26.7,19.9,4.5,2.6,78.5,63
24.5,30.8,19.8,38.2,37.7,72.1,43
23.7,29.2,21,0.1,0.1,76.4,57
23.9,28.4,21.3,8,8,78.6,56
29.7,33.5,26.1,0,0,71.4,56
29.1,34.5,25.9,0,0,71.1,51
28.8,35.2,24.2,0,0,68.4,44
29.1,32.8,24.7,0,0,63.1,50
29.6,34.1,25.7,0,0,62.5,46
26.4,30.5,24,67.4,65.7,80.1,61
27.9,31.8,23.6,0,0,75.8,58
30.5,35.3,25.3,0,0,64,40
31.2,35.9,26.5,0,0,59.8,37
31.2,35.8,27.2,0,0,61.8,42
31.7,36.5,26.9,0,0,57.4,37
31.5,35.9,27.2,0,0,55.8,40
31.2,35.4,27.4,0,0,54.9,40
31.1,35.7,27.8,0,0,60.5,43
30.4,34.7,27.1,0,0,67.4,52
29.6,33.3,27,0,0,69.9,57
30.5,35.4,25.8,0,0,63.1,44
29.8,34.3,26.8,3,2.4,69.9,52
27.1,28.8,25.1,21,8.7,81.8,71
26.5,28.6,25,1.7,1.4,82.6,69
28,31.4,24.1,0,0,76.9,60
28.9,33.2,26.3,0,0,70.6,51
29.4,33.7,25.6,0,0,68.1,53
28.1,32.2,26,0,0,68.4,57
28,32.3,23.4,0,0,65,48
26.8,32.1,24.4,12.7,11.6,74.8,57
28.3,33.6,23.3,0,0,62.4,42
27.7,32.2,24.3,0,0,62.5,46
27.4,31.6,24.1,0,0,70.3,49
26.8,31.7,24,0,0,67.1,52
26.6,30.1,23.4,0,0,70.4,57
26.1,30.5,23.4,0,0,63.9,51
26.9,32.4,21.7,0,0,59.6,41
27.3,32.8,22.5,0,0,61.1,39
25.9,31.3,21.9,9.3,5.3,65,46
24.3,31,20.6,5.6,2.9,69.6,48
26,31.5,21,0,0,57.1,42
26.6,30.7,22.6,0,0,63.6,50
23.8,25.5,21,62.8,27.9,88.1,76
24.4,27,22.4,0,0,81.5,63
22.4,24,21,7.4,2,89.3,78
23.4,26.4,21.1,10.5,2.8,93.6,89
25,27.3,23.5,0.3,0.3,85.5,73
25.5,27.9,22.9,0.7,0.7,84.9,75
22.4,25.5,20.4,0.9,0.7,83.5,67
23.6,28.2,19.7,0,0,80.4,57
23.7,26.3,21.9,0.9,0.7,82.6,65
24.2,27.7,21.2,0,0,77.5,57
20.5,23.1,18.1,77.4,12.4,93.3,77
21.4,23.9,18.5,0.8,3.1,83.1,71
23.5,26.7,20.7,0,0,70.3,56
24.3,29.2,20.6,0,0,60.3,38
23.2,28.6,18.5,0,0,57,45
23.1,27.3,19.4,0,0,61.1,51
22.3,26.4,18,12,4,70.1,51
19.6,20.9,17.6,29.6,6.6,98.1,94
22.2,26.9,19,1.6,0.7,81.3,58
23.5,29.1,19.1,0,0,76.5,47
23.6,28.9,19.5,0,0,76,49
24,29.4,19.9,0,0,73.1,49
24.2,29.8,19.2,0,0,64.6,41
24.8,30.3,20.8,0,0,67.1,49
24.6,29.5,20,0,0,63.3,41
23.6,28.9,19.5,0,0,57.5,44
22.9,27.3,18,0,0,61.1,46
23.5,28.2,20.5,0,0,61.4,45
23.9,29.8,18.9,0,0,65.1,44
23.7,27.8,20.8,0,0,62.9,49
23.7,28.4,19,0,0,63.6,48
22,26.2,17.4,68.1,27.1,85.1,59
20.2,24.3,16.8,4.5,4.2,79,56
20.9,25.9,16.9,0,0,67.3,48
21.8,26.9,16.7,0,0,67.5,46
21.2,23.1,18.7,0,0,72.6,66
22.6,27.3,18.4,0,0,63,50
21.6,25,18.7,0,0,66,52
21.5,24.4,19.6,1.3,0.7,75.1,54
20.2,21.4,17.8,13.1,5,93.5,87
20.3,25.9,16,0,0,83.9,62
21.1,27.5,16.9,13.3,12.7,75.8,42
20.7,26.6,16.4,0,0,77.1,50
22.3,28.8,17.1,0,0,69.5,40
22.9,25.6,19.2,3.6,3.5,81,71
23.6,26.5,21.7,0,0,82.4,65
18.8,21.7,17.9,6.4,2,91.5,83
19.4,21.9,17.9,4.6,3.8,85.5,74
18.8,20,17.5,3.5,0.9,91.3,85
20.9,24.1,18.5,0.4,0.3,83.5,72
19.9,24.3,14.9,14.2,4.4,89,80
15.2,17.8,12.6,0.3,0.3,78.6,67
17.9,21.3,15.8,0,0,67.1,53
19.6,25.2,14.9,0,0,66.6,52
19.7,23.9,17.4,0,0,73.6,54
19,21.4,17,0,0,74.4,58
10.7,18.1,4.2,0,0,47.5,31
5.6,10.8,1.3,0,0,37.4,25
9.6,16.1,2.8,5.6,4.8,60.4,36
10.9,15,7.1,4.4,3.1,72.8,47
9.5,15.8,4.6,0,0,64.9,35
9.8,16.2,4.9,0,0,64.1,40
10.8,17.2,5.2,0,0,58.4,33
11.4,18.4,5.7,0,0,57.3,30
11.4,18.1,6,0,0,63.1,38
11.7,17.6,6.3,0,0,64.5,35
13,19,7.7,0,0,74.5,48
13.4,18.1,9.8,0,0,63.4,32
12.7,20,7.1,0,0,54.6,31
14.6,20.6,10.5,0,0,55.9,36
13.8,18,11,0,0,62.4,48
14.1,20.3,9.2,0.7,0.7,73.3,46
