지점명,일시,전체포집량(개),모기포집량(개),기타포집량(개),평균기온,최고기온,최고기온시각,최저기온,최저기온시각,강수량,1시간최다강수량,1시간최다강수량시각,평균습도,최저습도
서울,2015/05/01,2801,2783,18,21,27.2,15:09,15.9,5:48,0,0,,58.8,41
서울,2015/05/02,2747,2729,18,20.7,26,14:13,15.8,5:51,0.5,0.5,21:31,64.4,39
서울,2015/05/03,3016,2998,18,18.3,19.6,18:19,17.1,6:00,3.5,2,3:27,90.4,82
서울,2015/05/04,3405,3392,13,16.1,20.1,11:38,12.5,23:56,0,0,,45.9,13
서울,2015/05/05,3154,3137,17,14.2,19.9,14:36,8.3,6:10,0,0,,37.9,16
서울,2015/05/06,2865,2849,16,15.4,22,15:46,9.8,5:34,0,0,,36.3,16
서울,2015/05/07,2835,2819,16,16.5,24,13:06,10.6,5:30,0,0,,35.6,15
서울,2015/05/08,2936,2926,10,16.7,22.7,14:49,11.7,3:44,0,0,,64.3,43
서울,2015/05/12,1730,1713,17,13.3,17.5,14:50,10.3,5:18,9.5,4,0:10,75.9,49
서울,2015/05/13,2334,2323,11,17.4,21.4,13:06,11.8,1:31,0,0,,56.9,44
서울,2015/05/14,5455,5430,25,20.4,26.6,15:43,15.3,5:28,0,0,,63.8,44
서울,2015/05/15,8450,8425,25,19.1,23.7,17:59,16.3,7:50,0,0,,71,46
서울,2015/05/16,3995,3935,60,18,25.2,14:07,11.6,5:45,0,0,,41.3,16
서울,2015/05/17,6293,6276,17,18.6,25.2,15:03,11.7,5:24,0,0,,40.4,12
서울,2015/05/18,28014,7851,20163,17.7,22.2,13:41,13.7,4:56,0,0,,53.9,30
서울,2015/05/19,10422,10366,56,14.8,16.2,12:10,13,23:53,1,0.5,16:42,88.9,82
서울,2015/05/20,2935,2926,9,16.3,21.9,15:52,10.6,5:01,0,0,,60,32
서울,2015/05/21,16138,16089,49,18.7,26,14:27,12.6,5:46,0,0,,50.1,23
서울,2015/05/22,3473,3450,23,20,27.2,13:52,13.7,4:24,0,0,,45.3,23
서울,2015/05/23,3491,3479,12,20.6,28.3,15:47,13.6,6:10,0,0,,38.5,16
서울,2015/05/24,10101,10082,19,21,28.5,15:17,14,6:10,0,0,,37.3,16
서울,2015/05/25,10556,10540,16,20.8,28.7,13:59,14.4,5:34,0,0,,53.1,26
서울,2015/05/26,5510,5488,22,21.5,30.3,14:44,14.1,5:13,0,0,,48.9,17
서울,2015/05/27,4292,4262,30,23.2,31.5,15:04,14.4,5:36,0,0,,32.9,13
서울,2015/05/28,4661,4636,25,24.3,32.2,13:23,16.7,5:50,0,0,,27.1,15
서울,2015/05/29,16235,16214,21,23.8,29.8,13:05,18.5,4:46,0,0,,36.8,22
서울,2015/05/30,5475,5448,27,19.8,23.2,17:15,17,23:54,0.4,0.2,6:52,71,50
서울,2015/05/31,5366,5350,16,22.1,30.4,15:28,15.3,5:03,0,0,,52.8,18
서울,2015/06/01,11007,10706,301,21.7,28.5,13:12,15.8,6:01,0,0,,44.6,22
서울,2015/06/02,4851,4828,23,23.1,29.8,13:44,18.1,4:11,0,0,,46.9,25
서울,2015/06/03,4882,4857,25,23.3,29.4,16:39,17.1,5:59,0,0,,33.3,13
서울,2015/06/04,3288,3269,19,24.2,31.5,12:55,17.1,6:02,0,0,,28.9,15
서울,2015/06/05,3331,3304,27,19.1,22,0:01,17.5,23:00,1,0.5,13:03,58.8,27
서울,2015/06/06,3474,3455,19,22.4,28.9,15:23,16.4,5:40,0,0,,50.4,29
서울,2015/06/07,3746,3721,25,23.4,31.5,16:02,18.7,4:50,0,0,,46.8,24
서울,2015/06/08,3465,3440,25,22.4,27.8,15:03,18.2,4:56,0,0,,54.9,33
서울,2015/06/09,3491,3466,25,22.2,28.1,13:36,18.8,2:49,0,0,,66.3,37
서울,2015/06/10,3188,3161,27,25.3,34.9,15:19,17.6,4:24,0,0,,54.3,19
서울,2015/06/11,3751,3713,38,24.6,30.2,12:16,20.7,4:29,7.5,5.5,22:23,59.6,25
서울,2015/06/12,3427,3399,28,23.6,29.9,15:47,19.4,5:29,0.5,0.5,1:55,63.1,32
서울,2015/06/13,4222,4172,50,24.7,30.9,13:44,20.1,4:54,0.5,0.4,0:37,61.9,42
서울,2015/06/14,5535,5474,61,22.8,27.7,13:48,17.8,7:25,15.5,15,5:12,70.3,44
서울,2015/06/15,4720,4680,40,24.2,30.6,14:43,19.6,5:18,0,0,,65.6,37
서울,2015/06/16,4630,4599,31,25,30.9,15:35,20,5:16,0,0,,65.9,43
서울,2015/06/17,4712,4662,50,23.4,30.8,13:23,20.2,23:59,9.5,10.5,23:30,72.8,38
서울,2015/06/18,4529,4421,108,24.8,31.3,17:24,19.6,5:40,3,2.5,0:01,59.4,32
서울,2015/06/19,3604,3577,27,24.5,29.9,16:13,20,4:51,0,0,,57.8,39
서울,2015/06/20,4448,4412,36,19.6,22.6,0:01,17,23:55,44.5,25.5,9:30,91,73
서울,2015/06/21,3046,3039,7,22.4,29.6,15:37,15.6,5:05,0,0,,69.1,35
서울,2015/06/22,4524,4497,27,24,29.1,14:30,19.4,4:26,0,0,,60.4,43
서울,2015/06/23,7465,6747,718,24.7,31,15:30,19.7,5:16,0,0,,64.1,38
서울,2015/06/24,4732,4712,20,25.7,30.6,13:46,21.1,5:13,0,0,,58.3,39
서울,2015/06/25,4124,4104,20,24.8,29.1,14:07,21,23:30,2,1.1,20:33,65.1,45
서울,2015/06/26,5287,5243,44,21,25.3,16:38,18,4:18,12.5,4,1:53,75.8,51
서울,2015/06/27,4776,4730,46,25.2,31.1,15:55,19.2,5:44,0,0,,55.3,34
서울,2015/06/28,5324,5286,38,25.4,31.1,14:02,21,5:51,0,0,,61.8,41
서울,2015/06/29,7199,7108,91,25.7,30.6,14:17,21.2,5:25,0,0,,61.8,42
서울,2015/06/30,7229,7146,83,24.4,29.2,13:17,21.9,20:31,2.5,2,18:23,70,45
서울,2015/07/01,8783,8700,83,23.7,27.9,13:49,21,6:00,0.5,0.5,0:04,66.3,38
서울,2015/07/02,9613,9520,93,23.7,29.3,15:52,20.4,5:05,0,0,,64.5,28
서울,2015/07/03,11731,11659,72,23.3,28.3,13:40,19.2,5:41,0,0,,62.6,32
서울,2015/07/04,8286,8229,57,24.1,29.9,16:04,18.2,5:23,0,0,,55.8,29
서울,2015/07/05,7211,7150,61,24.2,29.6,12:56,20.1,5:47,0,0,,57.4,38
서울,2015/07/06,8682,8613,69,25.3,32.5,15:44,20.2,5:32,0,0,,54.3,30
서울,2015/07/07,8203,8141,62,25.6,29.7,14:41,21.4,5:24,0,0,,52.1,34
서울,2015/07/08,6400,6335,65,23.4,26.3,15:39,20.7,4:58,0.5,0.5,8:04,69.8,47
서울,2015/07/09,7075,7024,51,26.5,31.8,13:50,22.1,5:29,0,0,,61.3,43
서울,2015/07/10,7305,7240,65,29.2,34.3,14:59,23.6,4:22,0,0,,60.9,39
서울,2015/07/11,6385,6338,47,30.4,36,14:46,25.7,5:25,0,0,,60.3,40
서울,2015/07/12,5851,5818,33,24.8,28,0:01,24,6:03,29,4,11:10,94.1,71
서울,2015/07/13,6304,6278,26,23.1,24.9,18:23,21.4,12:14,10,2.5,1:44,90.8,76
서울,2015/07/14,6541,6505,36,26.1,31.4,14:40,22.5,4:28,0,0,,72.4,47
서울,2015/07/15,6192,6136,56,27.9,33.9,16:45,22.7,5:31,0,0,,58.8,35
서울,2015/07/16,4440,4380,60,24.7,28.9,15:39,20.6,23:51,0,0,,51.3,38
서울,2015/07/17,4235,4200,35,23.6,28.6,15:21,18.4,5:39,0,0,,49.8,37
서울,2015/07/18,5065,5005,60,24.3,27.8,15:37,22.3,5:16,0.5,0.5,17:39,63.5,44
서울,2015/07/19,5251,5225,26,25.1,29.8,16:33,21.3,7:05,5,2.5,1:45,77.4,51
서울,2015/07/20,,,,27.5,31.2,12:26,24.4,5:44,0,0,,71.4,54
서울,2015/07/21,5797,5753,44,27,29.6,17:08,24.6,8:29,11,10.5,4:17,81.6,67
서울,2015/07/22,5477,5426,51,27.7,31.7,15:44,25.3,5:58,1,0.5,12:28,76.9,60
서울,2015/07/23,4425,4390,35,26.9,32.1,13:42,24.9,21:49,16,6,16:15,81,55
서울,2015/07/24,6537,6509,28,24.7,25.4,0:27,22.6,9:48,26.5,7,3:47,96.9,90
서울,2015/07/25,5371,5340,31,25,26.4,13:57,24.4,0:18,80,31,16:35,95.1,83
서울,2015/07/26,5085,5065,20,26,30,14:41,23.5,7:05,40.5,14,5:46,85.5,62
서울,2015/07/27,3962,3947,15,26.2,30,17:17,24.4,5:19,1.5,1.5,3:12,86,65
서울,2015/07/28,5083,5054,29,27.7,31.2,13:42,24.6,4:31,0,0,,74.4,52
서울,2015/07/29,4674,4615,59,26.7,28.8,17:52,24.8,9:29,4,3,7:37,82.9,72
서울,2015/07/30,5243,5203,40,28.6,33.1,15:21,25.5,3:59,0,0,,76.4,54
서울,2015/07/31,5652,5598,54,27.9,32.4,14:05,26.2,3:48,0,0,,74.3,51
서울,2015/08/01,12517,11746,771,28.2,31.6,15:14,26,3:38,0,0,,72.8,59
서울,2015/08/02,7440,7186,254,26.5,29.2,16:09,24.1,2:27,16.5,14.5,1:45,84.3,58
서울,2015/08/03,8889,8809,80,27.9,31.5,15:10,25.6,5:50,0,0,,71.5,60
서울,2015/08/04,7037,6972,65,27.5,30.8,15:40,25.4,5:16,0,0,,73.3,62
서울,2015/08/05,4938,4902,36,28.6,32.7,15:30,25.9,7:48,0.1,0.1,7:40,67,45
서울,2015/08/06,4891,4832,59,29.3,34.4,14:22,24.5,6:11,0,0,,64.5,42
서울,2015/08/07,5389,5335,54,28.9,34.4,14:53,26,17:05,11,9,15:40,71.3,45
서울,2015/08/08,5826,5799,27,26.6,33,12:41,24.3,15:00,7.5,6,13:51,79.1,49
서울,2015/08/09,4470,4441,29,26.7,31,15:25,23.3,5:48,0,0,,74.4,49
서울,2015/08/10,5118,5086,32,27,32,15:35,23.9,5:45,0,0,,72.1,45
서울,2015/08/11,5298,5275,23,26.8,30.6,16:01,24.5,3:35,0,0,,73.6,47
서울,2015/08/12,6074,6053,21,27.3,32.9,15:40,22.1,5:33,0,0,,67.5,35
서울,2015/08/13,7567,7524,43,26.5,31.1,16:29,23.9,5:45,0,0,,68.6,40
서울,2015/08/14,8868,8846,22,26.9,32.5,14:36,22.7,4:36,0,0,,66.4,38
서울,2015/08/15,8872,8844,28,27.1,30.8,13:02,23.1,5:59,0.1,0.1,,70.4,50
서울,2015/08/16,7427,7406,21,25.8,31.2,15:20,20.7,23:51,29,21.5,18:49,74.9,51
서울,2015/08/17,6144,6111,33,26.6,32.9,15:47,19.8,5:32,0,0,,61.5,35
서울,2015/08/18,6180,6120,60,27.9,32.2,17:35,24.1,5:55,0,0,,59.9,33
서울,2015/08/19,5547,5487,60,26.8,29.7,13:39,24.2,5:43,0,0,,70.3,54
서울,2015/08/20,4737,4602,135,25.4,28.1,10:30,24.2,23:40,0.4,0.4,11:10,75.5,58
서울,2015/08/21,4821,4799,22,25.2,29.3,16:45,23,6:30,2.5,2.3,3:54,78.3,53
서울,2015/08/22,5434,5413,21,25.5,29.6,15:45,23.4,6:36,0,0,,69.8,43
서울,2015/08/23,7669,7639,30,26.3,31.7,14:05,20.9,6:10,0,0,,65.5,40
서울,2015/08/24,7364,7337,27,26.3,30.3,13:07,23.3,5:46,0,0,,60.6,48
서울,2015/08/25,4714,4678,36,21.7,24.5,0:01,19.2,23:59,5.5,1.5,16:01,76.4,57
서울,2015/08/26,9971,9949,22,21.9,25.3,11:41,18.9,2:04,0,0,,68.4,50
서울,2015/08/27,9147,9093,54,24.7,30,15:57,21.2,6:41,0,0,,61.1,29
서울,2015/08/28,8574,8316,258,23.2,28.1,13:03,19,5:39,0.3,0.3,18:25,69.4,46
서울,2015/08/29,6664,6635,29,24.4,30.8,15:12,19,5:42,0,0,,65.8,32
서울,2015/08/30,7584,7532,52,24.9,31,15:23,19.9,6:21,0,0,,65.9,35
서울,2015/08/31,7729,7674,55,25.9,31.2,14:06,21,5:04,0,0,,62.9,37
서울,2015/09/01,5877,5831,46,25.9,30.7,14:05,22.6,5:59,0,0,,59.4,41
서울,2015/09/02,4622,4541,81,23.9,27.7,11:32,22,23:53,0.5,0.4,13:20,72.8,58
서울,2015/09/03,4835,4794,41,23.9,28.2,16:04,19.8,6:29,18,16.5,2:52,75.1,48
서울,2015/09/04,5459,5408,51,24.8,30.7,14:18,20.6,5:53,0,0,,68.5,36
서울,2015/09/05,7582,7523,59,21.9,23.6,0:01,19.4,10:45,5,3,9:55,79.8,72
서울,2015/09/06,4511,4481,30,22.2,26.2,11:53,19.3,6:40,0,0,,60.4,47
서울,2015/09/07,4293,4242,51,22.6,28.7,15:16,16.8,6:22,0,0,,52.9,34
서울,2015/09/08,4514,4475,39,22.7,28.9,15:10,16.2,6:32,0,0,,43.6,22
서울,2015/09/09,3921,3880,41,22.4,30.1,15:48,15.3,6:20,0,0,,42.9,28
서울,2015/09/10,3664,3629,35,22.4,28.4,14:11,17,5:59,0,0,,62.3,41
서울,2015/09/11,3697,3675,22,21,24.4,11:55,16.8,21:13,2.5,2,18:50,76.4,56
서울,2015/09/12,4950,4924,26,19.2,24,15:11,15.5,6:30,0,0,,60.4,29
서울,2015/09/13,4702,4670,32,20.2,26,15:55,15.2,6:14,0,0,,54.1,27
서울,2015/09/14,,,,22.1,27.8,15:07,16.4,6:13,0,0,,61.1,36
서울,2015/09/15,,,,22.8,28.7,13:40,17.4,5:17,0,0,,48.5,27
서울,2015/09/16,3849,3822,27,21.6,26.7,14:20,16,6:25,0,0,,45.5,31
서울,2015/09/17,3009,2987,22,21.4,27.6,14:30,15.5,6:43,0,0,,46.4,28
서울,2015/09/18,3108,3089,19,21.9,29.2,14:48,15.9,5:48,0,0,,52.1,31
서울,2015/09/19,3550,3493,57,22.3,29,16:07,17,6:49,0,0,,58.3,30
서울,2015/09/20,3482,3452,30,22.1,28.3,13:23,17.9,5:00,0,0,,69,39
서울,2015/09/21,3722,3704,18,22.6,29.4,15:46,16.5,6:24,0,0,,62.1,28
서울,2015/09/22,3882,3825,57,23.9,31,15:20,18,6:14,0,0,,48.4,25
서울,2015/09/23,4103,4074,29,22,26.1,12:26,19,6:20,0,0,,57.9,42
서울,2015/09/24,3116,3084,32,23.4,30.6,15:46,17.5,5:34,0,0,,56.4,28
서울,2015/09/25,3223,3192,31,23.4,29.8,15:38,19,6:26,0,0,,56.5,34
서울,2015/09/26,3596,3533,63,22.4,28,14:57,17.9,7:07,0,0,,54.5,28
서울,2015/09/27,3184,3155,29,21.9,29.8,15:20,14.2,6:33,0,0,,39.4,15
서울,2015/09/28,3618,3593,25,21.4,28.3,13:43,15.5,6:48,0,0,,39.6,20
서울,2015/09/29,3880,3842,38,22.1,28.2,15:10,15.9,6:12,0,0,,36.6,21
서울,2015/09/30,4197,4161,36,21.3,26.2,14:47,19.4,7:04,0,0,,45.3,30
서울,2015/10/01,3189,3169,20,16.3,19.7,1:19,10.7,23:43,35,16.5,11:08,77.5,48
서울,2015/10/02,989,980,9,16.5,21.5,15:22,8.6,5:24,0,0,,53.5,31
서울,2015/10/03,5070,5026,44,19.2,24.5,14:09,13.3,23:46,0,0,,49.4,23
서울,2015/10/04,2586,2571,15,16.6,22.4,15:06,11.2,6:40,0,0,,38.9,23
서울,2015/10/05,2477,2453,24,18,25.6,15:12,11,6:45,0,0,,49.4,22
서울,2015/10/06,1919,1902,17,18.7,26.3,14:04,12.1,6:39,0,0,,57.5,24
서울,2015/10/07,2397,2386,11,19.6,25.7,12:45,14.1,6:41,0,0,,67.5,42
서울,2015/10/08,1971,1959,12,20.1,26.4,15:09,15.7,5:54,0,0,,61.1,24
서울,2015/10/09,1942,1935,7,16.2,20.5,14:32,12.8,7:09,0,0,,43.8,17
서울,2015/10/10,1473,1466,7,12.8,17.2,15:35,10.4,23:47,3.5,3,5:49,70.9,46
서울,2015/10/11,566,560,6,10.8,14.4,13:27,8.1,6:18,3.5,2,17:40,72.6,50
서울,2015/10/12,397,394,3,12.3,17.9,14:37,8.2,6:51,0,0,,56.5,35
서울,2015/10/13,904,898,6,15,21.3,13:44,7.8,6:38,0,0,,66.4,30
서울,2015/10/14,1529,1524,5,17.1,24.5,14:37,10.9,6:58,0,0,,64.6,26
서울,2015/10/15,1606,1599,7,17.9,26.1,15:37,12.1,6:35,0,0,,62.1,26
서울,2015/10/16,1752,1745,7,17.5,24.2,15:05,13.2,6:47,0,0,,71,39
서울,2015/10/17,1823,1821,2,18.7,26.6,15:19,12.4,6:48,0,0,,64.8,24
서울,2015/10/18,2032,2028,4,17.9,24.2,13:01,12.4,7:05,0,0,,65.1,32
서울,2015/10/19,2141,2131,10,18.1,23.9,14:42,13.6,5:09,0,0,,67.4,34
서울,2015/10/20,2506,2489,17,18.8,25.1,14:35,15.4,2:38,0,0,,69.5,41
서울,2015/10/21,2344,2338,6,17.9,22.7,14:59,13.9,6:14,0,0,,72.5,49
서울,2015/10/22,2611,2604,7,17.5,23.1,14:41,14.5,3:08,0,0,,64.8,47
서울,2015/10/23,2429,2422,7,17.5,21.4,14:34,15.2,0:01,0,0,,69.1,47
서울,2015/10/24,4189,4177,12,16.9,22,15:40,13.2,23:44,10.5,10.5,5:07,64.4,32
서울,2015/10/25,2165,2153,12,16.3,22.8,14:46,12.1,6:40,0,0,,51,32
서울,2015/10/26,1791,1785,6,15,18.7,13:24,12,2:53,2,1,22:07,66.8,47
서울,2015/10/27,1216,1212,4,12.1,15.9,14:09,7.7,23:51,26.5,4.5,3:28,69.3,38
서울,2015/10/28,255,252,3,9.9,15.8,15:46,5.6,7:03,0,0,,49,31
서울,2015/10/29,330,326,4,8.4,14.7,14:04,3.2,7:13,0.5,0.5,18:35,50.4,24
서울,2015/10/30,151,151,0,5.4,10.4,15:05,1.7,7:42,0,0,,41.8,26
서울,2015/10/31,27,27,0,5.7,12.3,15:21,1.1,5:28,0,0,,42.5,23
서울,2016/05/03,2132,2123,9,12.9,17.6,0:01,8.9,21:19,27,6,9:04,86.1,72
서울,2016/05/04,207,200,7,15.7,20.6,15:46,10.2,0:01,0,0,,46.6,28
서울,2016/05/05,1977,1965,12,18.9,26.9,15:36,10.2,6:07,7.5,6,22:36,50.8,17
서울,2016/05/06,2703,2687,16,16.3,18.6,6:51,13,23:31,9.5,5,7:27,89.3,69
서울,2016/05/07,1234,1228,6,16.5,22.6,15:40,10.7,6:03,0,0,,60.3,29
서울,2016/05/08,2396,2381,15,19.4,26.8,15:54,11.6,5:44,0,0,,44.8,23
서울,2016/05/09,2727,2709,18,20.2,25.4,12:15,16.3,5:56,0,0,,43,22
서울,2016/05/10,2192,2182,10,14.5,18.1,0:01,12.5,0:00,13.5,2.5,9:50,82.4,54
서울,2016/05/11,1888,1883,5,16.4,23.5,15:37,10.4,5:22,0,0,,60.9,35
서울,2016/05/12,2389,2376,13,17.8,24,14:54,12.1,4:49,0,0,,62.4,36
서울,2016/05/13,1961,1942,19,18.6,25.4,16:52,12.7,3:12,0.5,0.5,1:10,57,29
서울,2016/05/14,2860,2838,22,20.2,26.9,15:37,15.1,5:28,0,0,,47.1,21
서울,2016/05/15,3360,3341,19,17.4,24.2,12:38,12.3,23:50,45,12,16:17,73.9,38
서울,2016/05/16,3678,3673,5,15.9,21.9,15:28,10.8,2:40,2.5,1.5,10:16,57,24
서울,2016/05/17,3165,3103,62,19.3,26.6,16:53,10.9,5:32,0,0,,48.8,21
서울,2016/05/18,7357,7318,39,22.3,29.5,14:41,13.5,5:57,0,0,,40.3,16
서울,2016/05/19,3949,3896,53,24.3,31.9,15:59,16.3,6:05,0,0,,36.4,14
서울,2016/05/20,4485,4433,52,24,31.6,15:52,16.8,5:27,0,0,,32,10
서울,2016/05/21,5164,5112,52,24.1,30.4,14:10,17.8,5:31,0,0,,23.8,12
서울,2016/05/22,9849,9818,31,24.7,31.7,16:29,17.6,6:03,0,0,,35,17
서울,2016/05/23,6109,6076,33,23.3,29.4,14:10,18.3,6:20,0,0,,43,25
서울,2016/05/24,5579,5532,47,16.8,21.8,0:05,15.4,23:45,38.5,7.5,3:27,82.6,46
서울,2016/05/25,6837,6788,49,19.7,24.4,14:20,15.3,0:27,0,0,,67.9,46
서울,2016/05/26,5302,5275,27,19.4,22.9,12:07,17.5,23:57,0,0,,72,52
서울,2016/05/27,6003,5975,28,20.9,27.1,14:55,14.8,5:50,0,0,,61.3,28
서울,2016/05/28,6976,6949,27,21.7,28,15:02,17.2,6:05,0,0,,56.1,36
서울,2016/05/29,6244,6220,24,21.5,27.6,15:43,17.2,1:55,0,0,,56.1,34
서울,2016/05/30,5937,5910,27,22.1,28.9,14:50,16.9,5:53,0,0,,57.3,26
서울,2016/05/31,5428,5403,25,21.6,27.6,14:33,17.4,5:37,0,0,,63.6,39
서울,2016/06/01,6254,6230,24,23.3,29.9,15:58,17.1,4:00,0,0,,45.8,23
서울,2016/06/02,6049,6029,20,23.2,29.1,13:45,17.2,5:35,0,0,,38.3,25
서울,2016/06/03,9880,9643,237,22.2,27.7,14:31,17.6,5:17,0,0,,48.1,29
서울,2016/06/04,7341,7316,25,21.2,26.3,15:30,18.2,4:26,0,0,,51.8,35
서울,2016/06/05,8157,8140,17,24.7,32.2,15:51,17.3,5:28,0,0,,47.3,21
서울,2016/06/06,26465,26441,24,23.3,28.4,13:30,20.8,5:58,0,0,,49.1,31
서울,2016/06/07,15792,15775,17,21.7,25.9,16:59,19.6,3:43,0.1,0.1,,69.5,50
서울,2016/06/08,6990,6958,32,22.1,27.7,14:31,18.2,5:28,0,0,,65.9,43
서울,2016/06/09,7244,7232,12,24.1,31.3,15:01,17.8,5:38,0,0,,59.5,31
서울,2016/06/10,7751,6237,1514,24.6,31.3,13:59,20.2,5:51,0,0,,60.9,36
서울,2016/06/11,5689,5676,13,23.5,26.5,14:53,20.9,3:36,3,1.5,15:07,74.3,54
서울,2016/06/12,5485,5469,16,23.5,26.7,14:49,19.9,23:58,1.5,1.5,10:16,79.4,60
서울,2016/06/13,6288,6247,41,23.5,29.6,15:17,19.4,4:46,0,0,,70.5,45
서울,2016/06/14,5162,5100,62,23.8,29.5,14:54,19.7,5:06,0,0,,62.5,44
서울,2016/06/15,4144,4112,32,20.9,24.5,12:23,17.4,7:43,15.5,7,5:39,81.8,58
서울,2016/06/16,3660,3632,28,20.9,24.9,15:30,18.6,6:03,0,0,,73.5,51
서울,2016/06/17,5465,5415,50,23.8,29.1,15:27,18.6,2:46,0,0,,63.1,42
서울,2016/06/18,5525,5483,42,24.5,29.9,15:24,20.1,5:22,0,0,,58,39
서울,2016/06/19,7895,7859,36,24.1,29.3,15:32,20.3,4:51,0,0,,64.5,46
서울,2016/06/20,6461,6398,63,24.7,30.7,16:25,19.6,5:12,0,0,,66,40
서울,2016/06/21,6461,6400,61,26,31.3,13:13,21,5:22,0,0,,60.1,36
서울,2016/06/22,6281,6213,68,24.3,30.2,13:13,20.9,23:41,30.5,26,13:39,75.1,48
서울,2016/06/23,7136,7008,128,24.7,29.4,14:23,19.6,4:34,0.1,0.1,,71,51
서울,2016/06/24,7567,7509,58,23.1,25.7,15:36,21.1,23:54,3.5,1,6:19,75.8,56
서울,2016/06/25,7363,7299,64,22.8,26.7,17:05,19.2,4:59,0,0,,63.1,43
서울,2016/06/26,7751,7687,64,24.4,30.3,14:43,19.4,5:32,0,0,,58.4,27
서울,2016/06/27,8397,8328,69,24.4,29.5,15:07,19.9,4:58,0,0,,55.5,30
서울,2016/06/28,7856,7782,74,24.7,29.7,14:05,20.4,5:31,0,0,,61.1,34
서울,2016/06/29,7774,7621,153,25.3,30.2,14:20,20.9,5:35,0,0,,58,40
서울,2016/06/30,7216,7125,91,24.6,26.9,12:38,23,4:55,0.2,0.1,,78.1,65
서울,2016/07/01,8141,8079,62,24,26.6,11:59,22,23:05,108.5,31.5,14:40,86.5,69
서울,2016/07/02,7011,6990,21,23.5,27.7,16:45,20.6,6:30,4,2,1:21,81.4,56
서울,2016/07/03,10262,10183,79,23.5,26.8,17:11,21.1,4:49,0,0,,70.4,50
서울,2016/07/04,5520,5468,52,21.8,24.1,8:48,20.2,23:31,29.5,13,21:39,85.1,66
서울,2016/07/05,4846,4824,22,23.1,24.8,15:56,20.2,0:01,100.5,40,8:39,93.6,88
서울,2016/07/06,3604,3581,23,22.9,26.9,17:27,20.3,4:34,0,0,,74,55
서울,2016/07/07,4265,4222,43,24,28.5,15:34,20.1,2:45,0,0,,71.6,53
서울,2016/07/08,4375,4334,41,27.3,32.4,16:21,21.2,5:46,0,0,,66.5,40
서울,2016/07/09,5234,5191,43,27.7,32.7,15:18,23.2,5:48,0,0,,64.8,38
서울,2016/07/10,4615,4574,41,27.9,33.1,14:25,23.2,5:58,0,0,,64.4,44
서울,2016/07/11,5106,5063,43,28.4,33.4,14:50,24.8,6:19,0,0,,67.4,39
서울,2016/07/12,5254,5216,38,26.3,30.9,13:25,22.1,6:38,3,2,5:20,65.5,46
서울,2016/07/13,4300,4264,36,26.3,29.5,15:18,23.2,5:10,0,0,,69,50
서울,2016/07/14,4468,4431,37,27.5,32.4,15:35,24,5:39,0.1,0.1,,66.9,40
서울,2016/07/15,5085,5017,68,26.2,29.2,10:56,23.7,5:43,1.5,1.4,22:49,60,45
서울,2016/07/16,4629,4533,96,20.8,23.8,0:01,19.8,6:05,46.5,9,5:41,92.8,81
서울,2016/07/17,6710,6677,33,21.7,23.1,13:09,20.4,4:51,2.5,2.5,10:32,82.9,73
서울,2016/07/18,3891,3866,25,24.4,28.4,17:34,20.7,4:17,0.2,0.2,,75.1,56
서울,2016/07/19,5125,5044,81,27.1,32.4,14:56,20.9,5:23,0,0,,65.5,37
서울,2016/07/20,6403,6188,215,28.6,32.9,15:11,24,5:51,0,0,,62.5,46
서울,2016/07/21,6369,6285,84,28.3,32.2,15:59,24.9,5:53,0,0,,61.3,48
서울,2016/07/22,6238,6162,76,29.1,34.1,16:20,25.3,6:03,0,0,,64,46
서울,2016/07/23,13662,13430,232,28.7,31.6,13:01,27.2,4:50,0.5,0.4,18:55,70.4,54
서울,2016/07/24,5848,5784,64,28,30.1,16:26,27,3:25,0.5,0.5,12:05,77.9,66
서울,2016/07/25,7024,6949,75,28.4,31.4,15:34,26.4,4:45,0,0,,75.3,59
서울,2016/07/26,8254,8177,77,28.4,31.9,14:35,25.6,4:52,0,0,,69,53
서울,2016/07/27,8874,8799,75,27.6,28.9,12:31,26.7,3:26,0.5,0.5,13:30,76.4,69
서울,2016/07/28,13168,12958,210,28,30.5,15:28,26.7,21:06,0.2,0.2,,70.6,47
서울,2016/07/29,7585,7497,88,26.3,28.4,16:38,23.4,7:29,59.5,51.5,6:26,82.3,69
서울,2016/07/30,6301,6249,52,28.6,33,15:36,26.4,4:58,0.5,0.5,0:00,73.5,46
서울,2016/07/31,5986,5928,58,28.9,32.8,15:06,26.6,6:14,0.2,0.1,,72.1,47
서울,2016/08/01,5219,5175,44,28.4,32.4,13:51,25.8,4:58,0,0,,72,50
서울,2016/08/02,25544,7386,18158,27.2,31.1,15:11,25,21:15,2,2,17:58,72.5,48
서울,2016/08/03,3902,3874,28,29.1,34.2,16:15,24,5:42,0,0,,65.4,44
서울,2016/08/04,5036,4986,50,30.7,35.7,16:33,26,6:00,0,0,,59.6,35
서울,2016/08/05,4927,4885,42,31.2,36,16:43,26.5,5:47,0,0,,60.1,40
서울,2016/08/06,5565,5508,57,30.5,34,15:32,26.6,6:07,0,0,,64.8,49
서울,2016/08/07,3954,3913,41,30.6,35,15:03,27,6:04,0,0,,56,38
서울,2016/08/08,7946,7906,40,30.5,35.5,15:28,26.4,5:46,0,0,,63.1,44
서울,2016/08/09,7137,7106,31,29.3,33.6,13:09,26.4,6:10,1,0.5,16:05,68.3,49
서울,2016/08/10,14295,13827,468,29.4,34.8,15:17,26.1,5:34,0,0,,66.3,39
서울,2016/08/11,10740,10661,79,30.5,36.4,15:08,26.1,6:08,0,0,,64.1,37
서울,2016/08/12,19345,19309,36,30.4,35.9,15:05,26.4,5:31,0,0,,68.3,43
서울,2016/08/13,7368,7335,33,30.2,35.1,14:43,26.8,5:56,0,0,,67.9,38
서울,2016/08/14,8398,8356,42,28.9,31.8,12:10,27.3,23:59,0.2,0.2,,74,58
서울,2016/08/15,9061,9036,25,29.1,34,15:34,25.8,6:10,0,0,,65.5,37
서울,2016/08/16,8718,8681,37,29.3,34.9,14:31,26.2,6:11,0.5,0.5,15:30,64.9,34
서울,2016/08/17,6069,6020,49,29.9,34.7,14:55,25.1,6:03,0,0,,60.4,34
서울,2016/08/18,4907,4876,31,29.9,34.3,12:28,26.2,6:05,0,0,,61.9,41
서울,2016/08/19,4605,4564,41,28.9,33.2,15:03,26.6,17:49,11.5,11.5,16:44,69.5,49
서울,2016/08/20,4107,4077,30,30.1,34.9,15:40,26.5,5:39,0,0,,59,33
서울,2016/08/21,4263,4238,25,30.7,36.6,15:44,26.9,6:19,0,0,,57.5,31
서울,2016/08/22,3240,3222,18,30.7,36.3,16:32,25.8,6:09,0.4,0.4,,58,37
서울,2016/08/23,2809,2783,26,28.3,33,12:42,26,6:04,8,7,15:05,68.8,48
서울,2016/08/24,2362,2341,21,29.1,32.9,16:26,26.4,5:50,0,0,,59.1,43
서울,2016/08/25,3257,3232,25,27.1,32.2,13:27,24,22:41,4.5,3.5,19:14,70.4,43
서울,2016/08/26,2835,2816,19,23,28.2,16:40,19.5,7:16,20,6.5,2:56,57,33
서울,2016/08/27,5103,5067,36,23.4,29.7,15:57,16.9,6:29,0,0,,43.3,27
서울,2016/08/28,5898,5762,136,21,24.5,10:25,18.3,23:24,1.5,1.5,16:11,62.5,45
서울,2016/08/29,1936,1918,18,22.2,27.1,13:18,17.4,5:35,0,0,,54.5,34
서울,2016/08/30,2867,2847,20,20.6,24.5,13:04,17.9,6:29,0,0,,60.4,43
서울,2016/08/31,1867,1848,19,17.7,19.2,19:58,16.1,5:36,17.5,3,10:43,85.3,68
서울,2016/09/01,1983,1973,10,23.2,28.6,14:20,15.8,5:56,0,0,,71.3,43
서울,2016/09/02,3362,3339,23,24.2,29,15:35,20.6,5:54,4.5,4.5,2:05,68.5,48
서울,2016/09/03,3733,3718,15,23.9,28.6,16:46,20.4,2:44,0.5,0.5,0:25,73.8,51
서울,2016/09/04,4111,4083,28,25.6,29.6,14:02,22.1,2:39,0,0,,71.3,52
서울,2016/09/05,4174,4148,26,26.4,31.1,16:06,23,6:15,0,0,,66.1,44
서울,2016/09/06,4434,4383,51,24.7,29,13:57,21,6:35,0,0,,69,43
서울,2016/09/07,3529,3511,18,24.3,28.6,14:57,20.9,6:10,0,0,,69.8,47
서울,2016/09/08,5379,5339,40,23,26.5,11:13,21.5,6:35,4.5,3.5,11:54,76.4,58
서울,2016/09/09,7040,6994,46,23.9,29.3,14:30,19.7,5:18,0,0,,71.1,41
서울,2016/09/10,4658,4622,36,24.4,29.1,15:41,20,4:58,0,0,,65.4,44
서울,2016/09/11,9260,8553,707,24.5,28.2,13:08,22.1,5:30,0,0,,66.3,48
서울,2016/09/12,6164,6065,99,23.4,27.5,13:39,21.4,23:41,2.5,2.5,13:58,68.9,49
서울,2016/09/13,8411,7599,812,24.6,30.8,13:52,19.6,6:15,0,0,,62.5,39
서울,2016/09/14,7240,6871,369,24.6,28.9,14:59,21.4,23:48,0,0,,66.1,46
서울,2016/09/15,5654,5432,222,23.9,29.5,14:12,18.8,5:44,0,0,,68.1,37
서울,2016/09/16,5670,5545,125,24.6,29.5,12:33,20.4,6:42,0,0,,64.9,40
서울,2016/09/20,6905,6457,448,20.6,26.8,15:14,15.4,6:23,0,0,,41.1,26
서울,2016/09/21,5426,5300,126,20.2,25.3,13:49,14.3,6:28,0,0,,43.4,28
서울,2016/09/22,10703,10302,401,21.9,27.2,16:48,17.5,6:30,0,0,,46.3,30
서울,2016/09/23,10147,9935,212,21.4,27.9,14:13,16.4,6:23,0,0,,57.9,34
서울,2016/09/24,12190,11616,574,22.3,28.9,15:38,16.5,6:37,0,0,,60.6,35
서울,2016/09/25,11516,11464,52,23,29.7,15:35,18.6,6:51,0,0,,57.6,27
서울,2016/09/26,12620,12566,54,23.6,28.9,14:45,19.7,6:09,0,0,,59.1,40
서울,2016/09/27,12753,12727,26,21,23.8,10:31,19.1,23:52,13.5,4,13:41,82.5,64
서울,2016/09/28,3620,3531,89,19.9,21.8,15:52,18.7,4:50,0.5,0.5,0:01,84.6,74
서울,2016/09/29,3423,3384,39,20.4,24.8,13:33,18.2,4:35,0,0,,64.4,48
서울,2016/09/30,4349,4333,16,20.5,23.5,14:06,17.7,5:36,0,0,,66.9,54
서울,2016/10/01,4331,4316,15,21.1,25.6,16:02,17.5,6:17,0,0,,69,47
서울,2016/10/02,4052,4033,19,19,22.4,23:49,16.7,17:59,18.5,6.5,17:00,84.1,73
서울,2016/10/03,19473,19458,15,22.7,27.9,15:38,19.6,23:58,6.5,2,5:58,73.3,41
서울,2016/10/04,17082,16871,211,22,29,15:01,15.6,6:56,0,0,,58.9,33
서울,2016/10/05,4180,4161,19,21.1,27.2,14:29,17.5,23:57,0,0,,61.9,42
서울,2016/10/06,4013,3996,17,18,23.5,15:17,13.6,6:59,0,0,,59.3,40
서울,2016/10/07,3309,3289,20,19.7,24.8,14:11,16.5,0:01,2,1,22:58,67.8,47
서울,2016/10/08,3006,2976,30,16.8,21.8,14:10,10.3,23:57,6,2.5,0:06,66.4,33
서울,2016/10/09,1094,1066,28,11.3,16.6,14:45,6.5,6:35,0,0,,46.3,32
서울,2016/10/10,1086,1076,10,14,21.4,15:25,7.4,6:26,0,0,,43.3,22
서울,2016/10/11,1593,1582,11,15.4,21.1,15:00,10,5:54,0,0,,62.4,35
서울,2016/10/12,2658,2632,26,15.5,20.7,15:31,11.4,7:23,0,0,,57,27
서울,2016/10/13,1980,1967,13,15.2,21.9,15:03,9.3,6:56,0,0,,44.1,24
서울,2016/10/14,1639,1628,11,16.7,23.5,13:51,10.5,6:15,0,0,,61.8,39
서울,2016/10/15,1934,1922,12,19.1,27.1,15:04,12.4,6:40,0,0,,60.6,28
서울,2016/10/16,2744,2728,16,17.2,19.5,13:02,15.4,23:49,1.5,0.5,13:59,74.1,55
서울,2016/10/17,2004,1999,5,17.5,21.7,13:11,14.5,1:38,0,0,,76.1,53
서울,2016/10/18,2394,2381,13,17,24,14:39,11.2,7:01,0,0,,70.9,41
서울,2016/10/19,2600,2586,14,18,24.3,13:39,14,7:16,0,0,,67.6,35
서울,2016/10/20,2270,2257,13,18.6,25.8,15:00,12.9,7:04,0,0,,61.3,36
서울,2016/10/21,4297,4279,18,17.9,22,13:35,15.7,6:14,0,0,,58.6,45
서울,2016/10/22,3922,3909,13,18.3,22.8,15:03,14.5,7:33,0,0,,59,45
서울,2016/10/23,3612,3590,22,13.3,17.8,0:01,10.6,17:30,2.5,1.5,15:03,66.3,53
서울,2016/10/24,926,920,6,15.1,20.6,15:33,9,6:47,0,0,,54.8,37
서울,2016/10/25,2894,2878,16,14.1,17.5,16:55,12.5,6:36,37,10,7:15,84,57
서울,2016/10/26,1167,1164,3,13.3,16.3,12:44,10.5,5:37,0,0,,81,64
서울,2016/10/27,1129,1120,9,14.6,20.9,14:20,8.6,5:36,0,0,,65.4,44
서울,2016/10/28,2314,2305,9,14.6,18.4,12:23,10.2,23:57,0.3,0.2,,61.8,40
서울,2016/10/29,949,947,2,7.8,11.2,13:49,3.5,23:55,0,0,,40.3,31
서울,2016/10/30,59,57,2,7.9,15.1,14:38,1.6,7:23,0,0,,31.9,13
서울,2016/10/31,191,190,1,5.7,8.2,14:35,0.7,23:59,0.5,0.3,6:46,59.9,42
서울,2017/05/01,1078,1057,22,20.1,28.3,15:25,12.8,5:52,0,0,,50.8,17
서울,2017/05/02,1364,1347,17,20.7,28,14:35,15.2,5:38,0,0,,42,26
서울,2017/05/03,1262,1249,13,21.5,30.2,14:55,14.5,6:13,0,0,,34.1,16
서울,2017/05/04,1300,1284,16,21,27.5,14:16,14.8,5:52,0,0,,43.6,25
서울,2017/05/05,1198,1187,15,20.9,27,14:18,15.5,0:00,0,0,,53.4,35
서울,2017/05/06,1221,1208,15,14.9,19.3,12:47,10,6:01,0,0,,32,16
서울,2017/05/07,989,969,20,16.6,22.8,15:28,10.9,5:34,0,0,,42.6,16
서울,2017/05/08,1135,1115,20,17.9,23.5,13:36,11.1,5:36,0,0,,43.6,34
서울,2017/05/09,1431,1415,16,17.1,22.6,13:56,15.3,5:10,2.5,1.5,16:14,62.6,36
서울,2017/05/10,1298,1287,11,16.4,20.8,16:45,14.2,7:23,2.5,1,3:46,73,54
서울,2017/05/11,1320,1304,16,19.3,24.8,16:52,13.1,4:11,0,0,,65.3,48
서울,2017/05/12,2086,2064,22,19.1,21.1,12:22,16.8,23:58,0,0,,71.6,63
서울,2017/05/13,1899,1876,23,16.4,22.6,11:55,12.4,0:00,6,6,14:14,77.8,52
서울,2017/05/14,1352,1330,22,15.7,20.7,15:26,11,6:04,0,0,,58.3,32
서울,2017/05/15,2093,2047,46,16,20.1,13:48,12.3,4:01,0,0,,61.4,45
서울,2017/05/16,2009,1974,35,17.1,22.3,15:15,13.3,4:30,0,0,,60.5,38
서울,2017/05/17,2056,2031,25,18.6,25.9,15:06,12.3,5:38,0,0,,51.5,29
서울,2017/05/18,2259,2228,31,20.4,26.9,15:33,13.9,4:46,0,0,,41.9,28
서울,2017/05/19,2056,2025,31,21.1,27.9,14:44,15.1,5:41,0,0,,42.6,23
서울,2017/05/20,2111,2086,25,20.9,27.3,13:14,15.4,5:22,0,0,,44,28
서울,2017/05/21,2144,2116,28,21.5,27.6,14:53,16,5:14,0,0,,48.1,19
서울,2017/05/22,2094,2064,30,21.8,28,14:32,15.9,5:32,0,0,,53.6,30
서울,2017/05/23,2135,2099,36,20,24.4,11:40,17.2,4:13,5,4,18:37,68,46
서울,2017/05/24,1900,1882,18,21.8,27.8,15:45,16.9,6:14,0.1,0.1,,60.4,31
서울,2017/05/25,3048,3017,31,19.2,24.4,13:57,14.4,23:52,0,0,,45.6,14
서울,2017/05/26,1941,1921,20,17.7,23.2,16:33,12.4,4:06,0,0,,41.5,25
서울,2017/05/27,2181,2161,20,19.5,26.4,14:24,13.7,5:28,0,0,,46.1,24
서울,2017/05/28,2159,2142,17,21.2,27.9,15:08,14.4,4:50,0,0,,50.6,25
서울,2017/05/29,2315,2293,22,22.9,29.3,14:34,18.1,4:30,0,0,,61.8,39
서울,2017/05/30,2527,2520,7,23.6,30.3,14:40,18.6,4:20,0,0,,43.5,7
서울,2017/05/31,2155,2131,24,23.3,29.6,16:22,17.7,4:56,0,0,,49.1,22
서울,2017/06/01,2097,2081,16,23.3,27,12:49,20,23:57,0,0,,51.8,24
서울,2017/06/02,2346,2317,29,20.5,25.6,13:29,15.5,5:30,0,0,,37.4,20
서울,2017/06/03,1971,1948,23,20.5,26.5,16:14,16.1,5:33,0,0,,44,24
서울,2017/06/04,2069,2043,26,21.7,28.1,15:41,15.1,5:33,0,0,,36.9,19
서울,2017/06/05,2243,2206,37,24.2,30.3,16:55,16.4,5:36,0,0,,33.3,18
서울,2017/06/06,2399,2360,39,19.4,23.9,13:41,14.5,21:03,15.5,8.5,20:10,60,36
서울,2017/06/07,1299,1292,7,17.6,19.2,13:39,15.1,0:01,12.5,4,10:34,91.4,78
서울,2017/06/08,1745,1722,23,20.1,25.9,14:12,15.1,4:25,0,0,,67.3,38
서울,2017/06/09,2445,2427,18,21.2,25.7,14:12,17.9,1:33,0.1,0.1,,69.8,50
서울,2017/06/10,2470,2442,28,21.5,27.5,16:09,16.7,6:46,4.5,4,5:13,46.8,14
서울,2017/06/11,2642,2613,29,22.8,29.6,16:08,14.8,5:53,0,0,,33.8,17
서울,2017/06/12,2823,2792,31,22.1,28,15:54,17,5:31,0,0,,45.5,25
서울,2017/06/13,2728,2697,31,21.5,25.9,15:33,18.3,4:58,0,0,,63,44
서울,2017/06/14,2615,2558,57,21.8,26.8,14:58,17.8,4:58,0,0,,63,38
서울,2017/06/15,3039,2986,53,23.1,29.6,15:03,18,5:05,0,0,,62.4,30
서울,2017/06/16,3332,3272,60,25.5,32.7,14:48,20,5:05,0,0,,55.8,31
서울,2017/06/17,3770,3714,56,24.2,29.9,15:51,20.6,6:10,0,0,,52.3,30
서울,2017/06/18,3523,3480,43,24.3,31.8,14:42,18.6,5:06,0,0,,52,25
서울,2017/06/19,4001,3947,54,24.8,30.2,15:26,19.5,4:37,0,0,,50.9,27
서울,2017/06/20,3986,3931,55,26,32.7,13:40,20,5:13,0,0,,43.4,26
서울,2017/06/21,4015,3969,46,25.4,31.6,14:04,21.7,23:51,0,0,,52.6,30
서울,2017/06/22,4132,4069,63,25.3,30.4,13:51,21.2,1:37,0,0,,57.3,36
서울,2017/06/23,4718,4666,52,26.7,34.1,13:40,21.3,5:43,0,0,,53,25
서울,2017/06/24,5189,5131,58,24.5,27.8,11:39,21.5,23:58,3.5,2.5,22:45,60.4,40
서울,2017/06/25,4755,4714,41,23.8,28.4,13:37,21,4:43,1.5,0.9,15:55,75.4,48
서울,2017/06/26,5340,5298,42,23.1,29.9,15:08,20.1,9:01,29,17,8:15,76.9,43
서울,2017/06/27,5900,5862,38,25.2,30.5,15:15,20.8,4:12,0,0,,67.5,44
서울,2017/06/28,6293,6250,43,26,30.5,15:54,22.5,4:40,0,0,,63.5,44
서울,2017/06/29,6252,6136,116,26.2,31.5,15:22,21.9,5:32,0,0,,64.8,40
서울,2017/06/30,6055,6007,48,25.9,30.9,14:45,22.2,4:51,0,0,,65.9,40
서울,2017/07/01,6237,6183,54,25.3,30.7,14:48,22.4,5:58,0.5,0.5,18:59,73.6,45
서울,2017/07/02,6711,6681,30,24.3,26.8,13:32,21.9,23:58,92,43,22:47,90.5,81
서울,2017/07/03,5818,5803,15,24.7,27.4,13:32,21.9,0:05,67.5,53,0:05,87.6,69
서울,2017/07/04,6123,6094,29,26.7,31.6,14:36,23.8,5:52,0.5,0.5,3:05,74.5,51
서울,2017/07/05,5525,5489,36,27.4,32.6,17:08,23.3,4:15,0,0,,66.9,43
서울,2017/07/06,4819,4774,45,27.6,34.6,15:19,23.9,5:32,34,25,17:50,72.3,39
서울,2017/07/07,4930,4894,36,26.4,28.4,14:15,24.4,5:24,16.5,9,19:00,80.8,70
서울,2017/07/08,4015,3999,16,26,27.6,14:32,24.6,8:51,4.5,1.5,5:35,83.3,76
서울,2017/07/09,4599,4588,11,26.3,30.3,14:36,23.8,23:59,32.5,8,2:10,88,66
서울,2017/07/10,3800,3794,6,24,25.4,10:00,22.6,22:23,144.5,32,19:35,96.5,88
서울,2017/07/11,2147,2140,7,26,30.9,15:30,22.2,4:36,1,1,0:01,81.4,54
서울,2017/07/12,3318,3291,27,27.1,31.1,16:09,24.9,23:58,0,0,,75.9,54
서울,2017/07/13,3099,3067,32,27.6,32.1,14:46,23.1,5:31,0,0,,71,51
서울,2017/07/14,3976,3928,48,28.7,33,14:09,26.1,5:56,0,0,,68.4,49
서울,2017/07/15,4612,4552,60,25,27.3,0:01,23.4,5:23,42.5,17.5,4:16,89,75
서울,2017/07/16,4472,4428,35,26.2,28.8,14:39,23.4,4:46,22.5,12.5,4:11,83.4,64
서울,2017/07/17,4393,4362,31,26.8,29,11:46,24,23:40,7.5,6.5,13:35,77.3,65
서울,2017/07/18,5485,5447,38,26.5,30.7,16:44,23.9,0:28,2.5,1,4:47,80.6,60
서울,2017/07/19,5195,5155,40,28.3,34.1,15:22,24.5,6:04,0,0,,71.4,47
서울,2017/07/20,5527,5492,35,29.9,34.9,14:56,26,4:37,0,0,,66.1,46
서울,2017/07/21,6190,6136,54,29.8,32.4,16:43,27.3,5:34,0,0,,73.1,61
서울,2017/07/22,6352,6299,53,29.3,32.5,15:34,27.5,8:31,0.5,0.4,5:41,75.8,59
서울,2017/07/23,5764,5717,47,27,28.1,0:01,26.1,10:16,133.5,48,10:41,89.5,80
서울,2017/07/24,5984,5957,27,26.2,27.3,10:52,25.6,4:30,3,2,12:04,82.3,71
서울,2017/07/25,3869,3849,20,29.4,35.4,16:04,24.6,5:38,0,0,,64.1,38
서울,2017/07/26,4588,4511,77,28.7,32.8,15:57,24.2,5:39,0,0,,55.6,43
서울,2017/07/27,4512,4474,38,27.1,29.7,15:01,24.9,6:20,3.5,3.5,23:09,62.5,45
서울,2017/07/28,3612,3590,22,25.5,26.9,17:34,24.8,4:56,8.5,2,4:28,92.1,86
서울,2017/07/29,4052,4027,25,27.2,30.1,16:16,25,1:07,0,0,,72.3,60
서울,2017/07/30,4756,4723,33,27.9,32.6,15:41,24.7,4:49,0,0,,64.4,42
서울,2017/07/31,5046,5016,30,25.7,27.1,0:01,24.8,23:59,3.5,2,8:56,82.3,72
서울,2017/08/01,3995,3964,31,28.6,33,14:28,24.1,6:17,2,1.5,1:35,73,51
서울,2017/08/02,5032,4989,43,30,33,16:19,26.6,5:31,0,0,,71.9,55
서울,2017/08/03,3946,3903,43,30.2,33.9,15:18,27.2,6:10,0,0,,60.6,37
서울,2017/08/04,4029,3999,30,30.3,35.3,16:39,25.9,6:00,0,0,,60.1,38
서울,2017/08/05,3743,3717,26,31.4,34.8,16:22,27.6,5:55,0,0,,63,52
서울,2017/08/06,3749,3718,31,29.8,34,16:39,28.2,10:51,5,5,10:25,71.9,54
서울,2017/08/07,4388,4362,26,29.2,34.4,15:23,26.4,4:44,0,0,,68.1,37
서울,2017/08/08,3914,3885,29,28.2,31,17:53,25.5,6:20,0,0,,67.1,43
서울,2017/08/09,4270,4233,37,27.6,32,15:45,24.6,23:59,2.5,2,22:48,66.4,42
서울,2017/08/10,3726,3702,24,24.8,26.3,15:17,23.9,5:10,5.5,1.5,0:27,89.9,83
서울,2017/08/11,3943,3911,32,27,32.4,16:08,23.9,2:48,0.5,0.5,6:50,72.5,45
서울,2017/08/12,3967,3936,31,27.8,32.6,13:46,23.2,5:45,0,0,,60.3,43
서울,2017/08/13,4074,4018,56,26.3,28.4,14:00,24.2,7:33,0,0,,62.1,53
서울,2017/08/14,3674,3627,47,24.6,27.1,12:12,23.1,19:45,1.5,1,18:20,67.5,60
서울,2017/08/15,3640,3615,25,21.9,24,0:12,20.8,22:36,93.5,35.5,10:22,93.8,68
서울,2017/08/16,3372,3351,21,23.3,26.8,14:26,20.5,4:55,2,1.5,21:45,80.5,67
서울,2017/08/17,3695,3658,37,24.8,27.7,14:49,21.2,3:41,0.5,0.5,,77.1,65
서울,2017/08/18,3382,3363,19,26.3,30.6,16:20,23.9,5:35,0,0,,75.6,54
서울,2017/08/19,3972,3944,28,26.1,28.7,13:59,23.1,6:09,0,0,,75.8,64
서울,2017/08/20,4008,3978,30,23.2,25.8,0:01,22,7:26,124.5,32.5,21:17,95.6,79
서울,2017/08/21,3853,3829,24,25.8,29.2,16:27,23.7,0:01,5,2.5,13:50,81.5,65
서울,2017/08/22,3875,3847,28,27.3,31.5,16:34,23.4,6:10,0,0,,70.6,49
서울,2017/08/23,3752,3702,50,27.2,30.2,14:59,24.6,6:17,31.5,16.5,8:49,84.1,73
서울,2017/08/24,3708,3662,46,26.5,28.1,12:06,23.9,0:00,14,6.5,12:55,85.3,79
서울,2017/08/25,3185,3156,29,25.3,30.6,16:16,22.2,6:04,0,0,,61.9,19
서울,2017/08/26,4130,4089,41,24.2,29.2,15:48,19,5:47,0,0,,54.5,24
서울,2017/08/27,3430,3381,49,22.7,26.7,15:09,19,5:20,0,0,,62,44
서울,2017/08/28,3015,2979,36,21.5,26.5,11:43,18.3,23:52,9,5.5,17:06,73.1,35
서울,2017/08/29,2379,2347,32,19.5,24,16:07,17,23:41,0,0,,51.4,32
서울,2017/08/30,3046,3011,35,19.8,23.9,17:15,16.1,5:54,0,0,,55.8,33
서울,2017/08/31,2877,2853,24,22.2,27.6,15:19,16.6,6:01,0,0,,62.4,33
서울,2017/09/01,3470,3435,35,23.3,29.7,16:08,17.1,6:26,0,0,,56,31
서울,2017/09/02,2964,2928,36,23.8,29.6,14:32,18.6,6:06,0,0,,59,33
서울,2017/09/03,3194,3160,34,23.7,29.2,16:13,19,6:03,0,0,,64,36
서울,2017/09/04,3589,3549,40,24.6,30.1,14:33,19.7,5:27,0,0,,53.8,28
서울,2017/09/05,3351,3307,44,21.9,23.7,13:29,20.4,5:30,0,0,,62.4,51
서울,2017/09/06,3053,2985,68,20.6,24,11:35,18.5,23:38,2,1,14:23,75.5,61
서울,2017/09/07,2898,2874,24,22.4,27.5,15:09,17.8,3:54,0,0,,73.3,52
서울,2017/09/08,3564,3519,45,24.3,29.9,15:41,20.4,5:07,0,0,,67.5,30
서울,2017/09/09,3839,3789,50,23.8,28.2,14:47,19.2,6:22,0,0,,70.1,43
서울,2017/09/10,3825,3774,51,23,26.1,14:41,19.9,5:46,0.5,0.4,22:49,74.3,56
서울,2017/09/11,3406,3365,41,21.2,24.6,16:47,18.6,6:54,24,9,1:53,79.8,59
서울,2017/09/12,3588,3546,42,22.1,27.9,14:49,17.7,6:08,0,0,,58.6,29
서울,2017/09/13,4328,4284,44,21.4,27.5,15:26,15.9,6:29,0,0,,49.3,30
서울,2017/09/14,3752,3709,43,22.4,29.5,14:13,14.8,6:42,0,0,,48.8,28
서울,2017/09/15,3864,3811,53,22.6,27.9,15:34,17.8,6:13,0,0,,48.4,33
서울,2017/09/16,3302,3255,47,22,27.6,14:49,16.7,6:23,0,0,,50.9,39
서울,2017/09/17,3373,3308,66,23.1,29.2,14:58,19,4:57,0,0,,51.3,34
서울,2017/09/18,3531,3478,53,21.9,27.6,14:24,16.4,6:37,0,0,,62.8,36
서울,2017/09/19,3621,3572,49,22.6,25.8,14:42,20.1,2:24,8,8,20:09,79.1,66
서울,2017/09/20,3363,3330,33,19.5,24.9,15:01,14.1,6:30,0,0,,48.9,29
서울,2017/09/21,3271,3217,54,20.3,27,15:27,14.2,6:18,0,0,,57.3,29
서울,2017/09/22,3416,3379,37,20.6,26.8,13:36,15.4,5:33,0,0,,60.8,34
서울,2017/09/23,3591,3556,35,21.8,27.3,14:23,17.6,2:27,0,0,,69.8,40
서울,2017/09/24,3928,3899,29,22.4,27.9,14:03,18.8,2:44,0,0,,71.5,53
서울,2017/09/25,4255,4201,54,23.4,30.1,14:22,17.4,6:25,0,0,,58,35
서울,2017/09/26,3750,3692,58,25.1,31.4,14:47,19.4,6:27,0,0,,57,36
서울,2017/09/27,3547,3511,36,22.7,27.3,15:05,19.9,23:55,0.5,0.5,1:53,66.4,53
서울,2017/09/28,4052,3975,77,19.2,25.3,13:31,14.2,23:49,0,0,,49.1,20
서울,2017/09/29,3374,3302,72,17.4,23.5,13:34,11.2,6:25,0,0,,39.3,20
서울,2017/09/30,3467,3436,31,20,25.9,14:45,14.7,6:37,0,0,,64.9,49
서울,2017/10/01,3199,3161,38,18.2,21.2,12:03,15.5,22:56,4,1.1,13:00,74.8,50
서울,2017/10/02,2363,2342,21,22,29.4,15:10,15.6,0:01,1.5,1,0:09,62.3,34
서울,2017/10/03,4357,4307,50,17.6,23.6,14:11,13.4,6:56,0,0,,49.8,41
서울,2017/10/04,3323,3281,42,16.7,24.3,14:02,10.7,6:07,0,0,,48.5,32
서울,2017/10/05,3623,3553,70,18.7,23.4,13:07,13.9,5:31,0,0,,56.4,43
서울,2017/10/06,3694,3638,56,18.9,23.3,11:03,16.2,4:35,0.5,0.5,22:32,66.4,44
서울,2017/10/07,2766,2741,25,21.9,28.8,15:28,16.9,6:18,0,0,,67.6,42
서울,2017/10/08,3708,3672,36,23,28.7,13:28,19.3,6:48,0,0,,66.9,42
서울,2017/10/09,3794,3771,23,22.5,27.6,15:33,19.8,23:44,0,0,,66,34
서울,2017/10/10,3528,3500,28,21.4,24.8,13:47,18.6,4:15,0.4,0.3,23:05,76.9,56
서울,2017/10/11,2752,2718,34,15.5,21.7,0:01,12.2,23:47,20,6,0:38,77.1,55
서울,2017/10/12,1654,1610,44,11.4,,,8.8,23:51,0,0,,71,
서울,2017/10/13,677,672,5,12.8,18.9,14:20,6.1,6:29,0,0,,51,31
서울,2017/10/14,1715,1701,14,14.4,20.5,13:20,9,6:49,0,0,,42.8,21
서울,2017/10/15,2593,2566,27,15.8,23,14:48,9,6:25,0,0,,42.5,22
서울,2017/10/16,2878,2833,45,16.6,22,14:39,13.6,23:51,0,0,,47.6,25
서울,2017/10/17,2449,2416,33,16.2,23.9,14:45,9.2,6:34,0,0,,47.1,26
서울,2017/10/18,2498,2473,25,16.5,19.1,11:47,14.2,0:01,0.1,0.1,,58.8,43
서울,2017/10/19,1791,1773,18,17,23.2,13:28,11.9,7:08,0,0,,58.3,32
서울,2017/10/20,2180,2133,47,17,24.2,15:08,11.1,6:45,0,0,,58.6,30
서울,2017/10/21,1830,1818,12,17.6,25.2,14:18,11,7:14,0,0,,52.8,25
서울,2017/10/22,2311,2293,18,16.3,23.5,12:18,11,6:44,0,0,,50.4,33
서울,2017/10/23,1865,1825,40,13.7,20.6,14:24,8.6,6:45,0,0,,47,30
서울,2017/10/24,1204,1189,15,14.4,20.9,13:13,9.9,3:38,0,0,,54.3,30
서울,2017/10/25,1125,1109,16,14.4,20.6,14:55,9.5,6:51,0,0,,59,26
서울,2017/10/26,1380,1361,19,14.5,18.1,13:55,10.7,4:44,0,0,,56.5,31
서울,2017/10/27,1649,1619,30,16.9,24.2,14:54,11.9,7:28,0,0,,54.4,32
서울,2017/10/28,1484,1469,15,17.2,24.8,13:54,10.6,6:42,0,0,,51.9,29
서울,2017/10/29,1695,1671,24,11.5,17.2,12:24,6.3,23:50,0,0,,45.6,25
서울,2017/10/30,153,149,4,7.7,13.2,15:34,2.5,7:31,0,0,,27.4,16
서울,2017/10/31,158,154,4,10.4,16,15:24,3.6,6:34,0,0,,54.3,32
서울,2018/05/01,1856,1837,19,20.4,23.3,13:18,17.8,5:42,0,0,,72.8,58
서울,2018/05/02,1888,1871,17,15.1,19.7,0:01,8.7,23:55,12,6.5,11:26,90.4,75
서울,2018/05/03,476,468,8,11.2,14.7,10:51,6.9,4:44,1,0.9,13:22,62.4,45
서울,2018/05/04,1069,1052,17,14.1,20,14:55,8.8,5:42,0,0,,45.5,25
서울,2018/05/05,1747,1717,30,18.3,24.6,14:33,11.6,2:50,0,0,,46.8,27
서울,2018/05/06,2269,2246,23,16.6,20.7,17:42,15,6:28,22,4,9:54,86.4,60
서울,2018/05/07,1371,1361,10,19.2,25.5,17:00,14,5:49,0,0,,60.3,26
서울,2018/05/08,2952,2931,21,17.5,22.9,15:34,11.6,23:57,0,0,,50.9,36
서울,2018/05/09,2007,1988,19,15.7,21.8,16:29,9.2,5:27,0,0,,50.4,31
서울,2018/05/10,2926,2906,20,15.4,21.4,13:50,11.3,5:32,0,0,,67.4,44
서울,2018/05/11,2433,2422,11,16.1,21.3,13:37,11.9,2:57,0,0,,59.8,36
서울,2018/05/12,3133,3117,16,14.2,16.1,0:01,11.8,8:25,32,4,9:12,89.3,50
서울,2018/05/13,1534,1533,1,15.8,20,15:14,12.7,23:50,0.5,0.2,,82.5,61
서울,2018/05/14,2388,2376,12,18.2,24.5,16:28,11.9,2:35,0,0,,71.4,45
서울,2018/05/15,3092,3076,16,23.2,29.3,15:19,15.4,5:25,0,0,,56.4,31
서울,2018/05/16,3542,3529,13,22.3,24.4,0:01,21.8,12:44,45,35,11:54,93.8,62
서울,2018/05/17,1969,1964,5,20.9,23.5,13:34,18.8,4:34,83,19.5,2:48,97,80
서울,2018/05/18,1637,1634,3,16.3,19.3,0:01,12.2,23:52,6.5,2,1:26,86.8,66
서울,2018/05/19,1861,1849,12,17.6,24.7,16:42,10.3,4:55,0,0,,47.5,31
서울,2018/05/20,2854,2837,17,17,22.6,17:09,11.5,5:51,0,0,,32.1,22
서울,2018/05/21,2698,2680,18,17.8,23.7,14:49,11.3,5:43,0,0,,43.9,24
서울,2018/05/22,2718,2708,10,18.1,23.2,12:09,15.4,2:30,12.5,4,22:49,75.5,48
서울,2018/05/23,2121,2119,2,17.3,23.3,15:13,13.6,6:23,6.5,3.5,0:39,57.1,27
서울,2018/05/24,2675,2663,12,18.3,23.7,14:13,11.2,5:10,0,0,,47.4,24
서울,2018/05/25,2651,2636,15,19.7,26.2,13:47,13.8,5:46,0,0,,47.4,22
서울,2018/05/26,2789,2778,11,21.8,29.6,14:56,14,5:38,0,0,,50.1,27
서울,2018/05/27,3172,3160,12,20.3,24.7,14:28,17.3,5:58,0,0,,47.4,30
서울,2018/05/28,3174,3154,20,22.3,29.1,14:24,16.2,6:00,0,0,,49.8,34
서울,2018/05/29,3500,3480,20,21.4,25.9,14:13,19.1,23:56,1,1,18:55,69.3,50
서울,2018/05/30,2847,2838,9,20.2,24.7,15:11,15.8,23:54,0,0,,69.8,35
서울,2018/05/31,3242,3229,13,20.9,27.6,16:23,14.2,5:45,0,0,,58.9,35
서울,2018/06/01,3195,3178,17,23.8,30.2,14:48,17.5,5:43,0,0,,50.4,30
서울,2018/06/02,3300,3270,30,23.4,30.1,14:10,17.6,5:08,0,0,,44.5,20
서울,2018/06/03,2841,2828,13,24,30.8,14:58,16.9,5:38,0,0,,39.4,19
서울,2018/06/04,2986,2977,9,22.6,27.5,13:01,18.9,5:45,0,0,,50.1,27
서울,2018/06/05,2767,2760,7,23.7,29.2,15:03,17.7,5:36,0,0,,52.5,31
서울,2018/06/06,3137,3119,18,23,27.9,14:31,18.4,5:38,0,0,,62.9,44
서울,2018/06/07,3517,3491,26,22.2,29.4,16:01,17.8,4:55,0,0,,69.3,37
서울,2018/06/08,3153,3122,31,21.9,27,17:03,18.5,3:08,0,0,,68,47
서울,2018/06/09,3228,3198,30,23.7,30.1,14:00,18.9,5:03,0.5,0.5,19:19,60.6,35
서울,2018/06/10,3617,3581,36,21.3,24.9,15:02,18.3,3:48,0.5,0.5,10:44,59.9,47
서울,2018/06/11,4180,4152,28,20.2,23.9,13:25,18,23:34,5,4.5,22:20,67.3,45
서울,2018/06/12,3436,3417,19,21.3,27.1,15:32,16.6,6:12,0,0,,65.5,40
서울,2018/06/13,4196,4163,33,22,27,13:47,18.3,2:06,0,0,,64,46
서울,2018/06/14,4693,4640,53,21.6,25.1,15:41,18.8,8:14,29,19.5,6:28,74.9,55
서울,2018/06/15,4586,4516,70,21.7,27,15:32,17.2,5:22,16.5,11.5,2:44,60.8,38
서울,2018/06/16,4781,4746,35,22.5,28.7,16:30,16.3,5:33,0,0,,56.4,36
서울,2018/06/17,4987,4943,44,22.8,27.5,14:35,18.9,5:07,0,0,,66.9,43
서울,2018/06/18,5380,5323,57,24.8,30.8,15:43,19.9,5:01,0,0,,54.9,31
서울,2018/06/19,4653,4605,48,22.4,27.2,13:42,19.1,5:21,0,0,,61.3,41
서울,2018/06/20,4489,4442,47,22.7,28.4,15:20,19.1,3:46,0,0,,68.1,41
서울,2018/06/21,4588,4545,43,23.7,28.7,16:45,19.4,4:58,0,0,,60.1,32
서울,2018/06/22,5116,5080,36,25,32,14:51,18.2,5:32,0,0,,45.1,20
서울,2018/06/23,5058,5010,48,24.5,28.9,15:35,20.9,5:31,0,0,,50.6,28
서울,2018/06/24,4705,4673,32,25.2,32.1,14:15,20.1,5:17,0,0,,62.8,28
서울,2018/06/25,4866,4830,36,27.1,32.9,15:12,21.3,5:41,0,0,,57.1,31
서울,2018/06/26,4696,4664,32,22.3,26.9,0:01,20.2,9:30,71.5,18.5,9:49,88.3,47
서울,2018/06/27,3301,3285,16,22.3,25.5,14:49,19.1,4:25,1,0.5,0:46,81.9,65
서울,2018/06/28,3740,3709,31,23.3,27.3,12:53,20.6,17:55,26.5,22.5,17:00,85.1,61
서울,2018/06/29,2960,2937,23,24.7,29.1,16:01,21.9,0:01,6.5,4.5,4:53,78.5,56
서울,2018/06/30,3353,3318,35,24.4,27.9,15:01,21.6,4:12,14.5,9.9,11:25,83.8,65
서울,2018/07/01,3106,3076,30,21.9,22.8,2:13,21,12:01,83.5,20.5,10:16,94.6,84
서울,2018/07/02,3140,3106,34,22.6,25.3,16:56,20.6,6:23,59.5,25,18:44,95.4,84
서울,2018/07/03,1805,1791,14,27.4,32.6,17:04,22.5,5:10,0.1,0.1,,74.4,47
서울,2018/07/04,2479,2434,45,27.3,31.8,15:33,24,5:35,0,0,,69.6,51
서울,2018/07/05,2727,2684,43,25.3,29,15:15,23.4,6:20,0.5,0.5,5:45,72.8,58
서울,2018/07/06,2614,2583,31,23.9,27.1,14:02,21.5,23:59,0,0,,57.8,49
서울,2018/07/07,3034,3000,34,23.7,29.2,16:12,19.5,5:52,0,0,,51.4,42
서울,2018/07/08,3202,3167,35,23.3,28.1,15:25,17.7,6:26,0,0,,51.5,36
서울,2018/07/09,3647,3600,47,20.8,24.2,0:01,20.1,14:08,14,9.5,23:30,82.3,61
서울,2018/07/10,3276,3235,41,23.7,26.5,16:30,20.4,0:01,16.5,9.5,0:43,87.8,74
서울,2018/07/11,2546,2524,22,26.8,29.5,14:53,24.4,3:47,3,1,4:09,82.9,66
서울,2018/07/12,2880,2861,19,26.6,28.2,15:13,25.1,23:55,1,0.5,3:43,82.4,73
서울,2018/07/13,2814,2771,43,27.3,30.9,17:54,24.7,1:12,0,0,,74.8,58
서울,2018/07/14,3701,3597,104,27.9,31.9,15:52,24.6,5:29,0,0,,69.6,51
서울,2018/07/15,3550,3489,61,28.3,33.2,15:19,24.5,4:01,0,0,,69.6,46
서울,2018/07/16,3924,3870,54,28.7,34,14:29,24,5:57,0,0,,64.3,40
서울,2018/07/17,3729,3679,50,28.1,32.1,14:36,23.9,6:05,0,0,,66.5,45
서울,2018/07/18,3444,3381,63,28.2,33.2,15:17,23.7,5:32,0,0,,64.8,41
서울,2018/07/19,3879,3835,44,28.7,34.1,16:51,23.2,6:13,0,0,,64.1,40
서울,2018/07/20,4207,4147,60,29.5,34.7,16:18,24.6,5:46,0,0,,62.6,41
서울,2018/07/21,4311,4232,79,30.6,36.9,15:48,24.9,5:24,0,0,,53.6,29
서울,2018/07/22,4158,4105,53,31.8,38,15:27,25.3,5:36,0,0,,49.6,30
서울,2018/07/23,4126,4077,49,31.7,35.7,14:50,29.2,4:04,0,0,,53.8,41
서울,2018/07/24,4025,3972,53,31.4,36.8,13:33,27.2,5:39,0,0,,59.5,40
서울,2018/07/25,4271,4223,48,30.1,34.1,15:54,27.7,0:00,0,0,,66.3,50
서울,2018/07/26,4286,4230,56,30.1,33.7,15:43,27.3,5:16,0,0,,68.8,51
서울,2018/07/27,4429,4382,47,30.9,35.4,12:58,27.2,4:56,0,0,,69.3,48
서울,2018/07/28,3874,3828,46,29.5,35.2,13:40,28,5:18,7.5,7.5,13:55,77.1,53
서울,2018/07/29,3629,3579,50,31.3,36.7,16:36,26.4,5:51,0,0,,52.4,32
서울,2018/07/30,4022,3975,47,31.7,36.9,16:24,26.2,5:29,0,0,,50.9,35
서울,2018/07/31,2716,2685,31,32.6,38.3,15:19,27.8,6:04,0,0,,50.5,32
서울,2018/08/01,2875,2834,41,33.6,39.6,15:36,27.8,5:56,0,0,,55.5,35
서울,2018/08/02,2619,2589,30,33.7,37.9,15:58,30.3,6:07,0,0,,54.4,38
서울,2018/08/03,2361,2337,24,33.1,37.9,14:15,30,23:42,0,0,,55.3,39
서울,2018/08/04,2760,2732,28,31.1,34.9,15:44,28,23:35,0,0,,60.6,46
서울,2018/08/05,2916,2888,28,30,33.9,13:38,27.2,5:07,2,2,6:43,71.8,50
서울,2018/08/06,3480,3455,25,30.5,35.3,16:37,28.3,4:58,6.5,4.5,7:26,71.6,49
서울,2018/08/07,3046,3021,25,30.5,35.9,16:37,26.8,5:38,0,0,,63.4,43
서울,2018/08/08,2710,2696,14,31,35.3,16:17,27.6,5:55,0,0,,64.8,35
서울,2018/08/09,2408,2383,25,28.8,32.5,15:28,27.1,23:50,2,1.5,16:17,76.3,58
서울,2018/08/10,3120,3102,18,30.7,36.8,16:34,25.7,5:59,0,0,,60.9,37
서울,2018/08/11,2472,2453,19,31,36,16:11,26.4,6:05,0,0,,55.8,34
서울,2018/08/12,2051,2041,10,30.6,35.3,13:47,27.2,5:55,5,5,18:23,61.3,39
서울,2018/08/13,2540,2527,13,30.5,34.4,15:18,26.7,5:31,1,1,10:16,68.6,47
서울,2018/08/14,2679,2650,29,31.7,37.2,14:56,27.7,6:08,0,0,,58.3,34
서울,2018/08/15,2190,2175,15,31.7,38,14:17,28.3,6:08,1,1,17:45,59.5,34
서울,2018/08/16,1757,1746,11,29.9,35.6,13:31,24.1,23:56,0,0,,51,36
서울,2018/08/17,1325,1318,7,27.2,33.8,15:45,21.7,6:02,0,0,,39.8,25
서울,2018/08/18,1562,1551,11,26.7,32.1,15:09,21.5,6:12,0,0,,44.6,28
서울,2018/08/19,1184,1176,8,28.2,34.4,14:36,23,6:08,0,0,,50.6,29
서울,2018/08/20,1332,1326,6,29.1,33.3,14:30,25.1,6:16,0,0,,55.6,41
서울,2018/08/21,829,823,6,26.6,31,16:47,23.4,6:43,5,3,5:35,71.4,49
서울,2018/08/22,1234,1222,12,30.7,37.6,16:08,23.4,4:53,0,0,,54.1,34
서울,2018/08/23,1241,1229,12,29.4,32.2,15:07,25.7,23:48,3,1.6,20:26,59.1,48
서울,2018/08/24,1561,1543,8,24.4,26.3,11:01,23.2,23:40,7.5,1.5,1:48,86.3,73
서울,2018/08/25,1998,1985,13,25.2,29.3,14:01,22.7,23:55,0,0,,68,50
서울,2018/08/26,2236,2221,15,23.2,29,11:36,20.3,6:13,2,1.3,21:15,70,41
서울,2018/08/27,1920,1914,6,22.7,24.9,16:37,20.2,1:35,19.5,4,2:34,91,82
서울,2018/08/28,1716,1709,7,23.7,26.1,10:29,22.5,4:42,96.5,43.5,19:40,92.4,72
서울,2018/08/29,2129,2116,13,25.2,27.4,11:47,22.7,0:01,42,21.5,19:03,86,72
서울,2018/08/30,1794,1770,24,25.3,28.2,12:59,23.9,3:17,9.5,7.5,1:37,80.9,62
서울,2018/08/31,1514,1498,16,25.6,30.3,14:57,22.8,7:19,0.1,0.1,,67.4,40
서울,2018/09/01,1279,1261,18,25.5,30.9,15:28,20.8,6:15,0,0,,59.4,38
서울,2018/09/02,1499,1487,12,25.1,29.6,15:14,20.1,6:03,0,0,,55.8,38
서울,2018/09/03,1377,1360,17,23.3,25.8,15:21,21.4,23:42,34.5,20,16:26,85.3,67
서울,2018/09/04,1264,1260,4,23.2,27.8,16:26,20,5:40,0,0,,69.4,43
서울,2018/09/05,1808,1799,9,24,28.5,14:36,19.6,6:16,0,0,,63.5,36
서울,2018/09/06,1857,1846,11,24.1,28.2,13:53,20.9,6:35,1,1,23:05,69.9,42
서울,2018/09/07,1937,1911,26,22,25.5,13:37,19.1,23:30,0.5,0.5,1:05,54.6,32
서울,2018/09/08,1757,1744,13,21.7,27.7,15:43,15.9,6:53,0,0,,48.8,29
서울,2018/09/09,1592,1571,21,22.2,28.9,14:50,15.6,6:20,0,0,,49,26
서울,2018/09/10,1661,1649,12,22.9,28.4,15:19,18.6,6:16,0,0,,49.5,33
서울,2018/09/11,1827,1815,12,21.6,26.1,14:45,16.8,6:18,0,0,,48.1,37
서울,2018/09/12,1638,1626,12,22.8,28.2,15:51,16.8,6:21,0,0,,52,39
서울,2018/09/13,1740,1725,15,23.5,28.3,15:24,20.3,5:47,0,0,,63.5,45
서울,2018/09/14,2009,1990,19,23.5,26.8,13:10,20.3,6:22,0.5,0.5,21:50,66.9,51
서울,2018/09/15,2269,2254,15,23.3,26,12:33,21,5:59,0.2,0.1,,76,61
서울,2018/09/16,2317,2295,22,22.2,23.9,12:12,21,19:36,2,1,15:36,83.6,58
서울,2018/09/17,3368,3336,32,22.3,27.7,15:05,18.5,6:30,0.1,0.1,,64.3,32
서울,2018/09/18,3475,3450,25,22,26.5,15:51,17.7,5:36,0,0,,59.8,33
서울,2018/09/19,3218,3183,35,22.1,26.6,13:05,18.9,6:14,0.2,0.1,,59.1,34
서울,2018/09/20,3136,3112,24,19,20.1,0:01,17.8,7:19,5,2,5:45,82.4,57
서울,2018/09/21,3216,3194,22,19.4,21.9,14:50,17.6,5:37,18,6.5,6:13,85.8,72
서울,2018/09/22,2762,2737,25,20.8,25.5,14:27,17.2,23:57,6.5,6.5,3:55,62.3,24
서울,2018/09/23,3382,3348,34,19.4,25.3,15:15,15.6,2:34,0,0,,52.9,27
서울,2018/09/24,3561,3542,19,17.6,22.1,14:48,14.2,5:16,0,0,,48.3,27
서울,2018/09/25,2611,2591,20,17.8,24.3,15:19,10.8,6:45,0,0,,48,23
서울,2018/09/26,2771,2757,14,19.4,24.8,14:41,16.2,5:22,0,0,,47.9,32
서울,2018/09/27,2608,2587,21,18.9,25,14:16,13.2,6:26,0,0,,47.6,28
서울,2018/09/28,2209,2200,9,17.5,22.2,16:08,14.3,6:08,0,0,,58.1,45
서울,2018/09/29,1748,1731,17,20.2,27,15:20,14.6,5:53,0,0,,55.5,31
서울,2018/09/30,2030,2018,12,17.6,21.6,14:53,14,23:12,0,0,,52.5,27
서울,2018/10/01,2047,2031,16,15.4,19.7,14:18,13,0:00,0,0,,55.1,32
서울,2018/10/02,1642,1634,8,15.9,22,16:22,10.3,6:53,0,0,,61.4,35
서울,2018/10/03,1406,1396,10,17.3,24.2,15:26,11.2,6:43,0,0,,58,33
서울,2018/10/04,1559,1549,10,19.3,25.6,15:10,13,5:21,0,0,,56.5,34
서울,2018/10/05,2509,2487,22,16.9,19,0:01,15.7,10:13,36.5,8,14:34,84.1,55
서울,2018/10/06,1224,1221,3,18,21.7,15:51,16.3,0:00,55.5,10.5,6:25,84,56
서울,2018/10/07,1349,1340,9,16.4,21.1,15:24,12.3,23:55,0,0,,53.5,29
서울,2018/10/08,1153,1149,4,14.8,20.9,14:37,9.2,6:41,0,0,,47,21
서울,2018/10/09,754,752,2,15.3,19.8,12:30,10.7,4:49,0,0,,52.5,33
서울,2018/10/10,1473,1464,9,12,16.7,0:13,7.9,23:48,7,5.5,1:11,61,38
서울,2018/10/11,269,269,0,9.7,13.9,13:31,6.1,7:10,0,0,,51,31
서울,2018/10/12,298,296,2,10.9,17.4,15:08,5.2,7:07,0,0,,54,32
서울,2018/10/13,330,329,1,12.5,19.8,15:00,6.1,7:07,0,0,,54,26
서울,2018/10/14,354,351,3,13.2,20.3,14:57,6.8,6:38,0,0,,60,28
서울,2018/10/15,725,724,1,15.2,21,15:30,10.9,3:46,0,0,,69.9,40
서울,2018/10/16,894,894,0,14.5,20.3,14:17,9.9,5:54,0,0,,55.9,27
서울,2018/10/17,569,568,1,12.4,18.6,14:27,8.4,6:49,0,0,,53.3,16
서울,2018/10/18,438,435,3,12.7,19,14:56,7.5,5:41,0,0,,59.5,37
서울,2018/10/19,867,853,14,13.1,20.4,14:09,7.2,5:50,0,0,,54.3,28
서울,2018/10/20,820,809,11,13.4,21.4,14:52,6.9,6:59,0,0,,53.9,19
서울,2018/10/21,649,634,15,13.4,21.1,15:12,7.2,6:37,0,0,,49.5,21
서울,2018/10/22,490,486,4,14,20.6,14:00,8.8,6:47,0,0,,50,29
서울,2018/10/23,457,444,13,12.2,16.9,15:24,9.8,5:21,5,5,10:55,75.1,61
서울,2018/10/24,377,370,7,12.5,18.7,15:20,7.6,7:26,0,0,,66,37
서울,2018/10/25,380,379,1,13.8,21.2,14:51,7,6:41,0,0,,55.5,28
서울,2018/10/26,769,765,4,12.2,14.7,15:36,9.9,23:37,11,6,13:04,74.1,55
서울,2018/10/27,303,301,2,8.7,11.6,14:59,6.2,22:49,0,0,,49.6,30
서울,2018/10/28,95,95,0,8.3,13.5,14:35,5.2,23:54,5.5,2.5,7:26,77.1,53
서울,2018/10/29,74,72,2,7.2,11.7,13:56,3.4,23:58,0,0,,57.3,37
서울,2018/10/30,24,24,0,6.1,11.6,15:16,0.7,5:32,0,0,,51.3,31
서울,2018/10/31,148,148,0,7.4,12.6,15:22,3,7:19,0,0,,55.4,33
서울,2019/05/01,1352,1345,7,16.4,22.2,14:09,11.2,6:03,0,0,,48.9,28
서울,2019/05/02,1517,1507,10,17.1,25.3,14:54,10.6,5:55,0,0,,28.5,14
서울,2019/05/03,1264,1258,6,17.9,26.1,14:13,10.1,5:50,0,0,,37.5,17
서울,2019/05/04,1143,1137,6,19.5,27.4,14:56,12,6:01,0,0,,40.4,18
서울,2019/05/05,1324,1315,9,19.2,26.5,13:06,13.6,6:03,0,0,,35.8,12
서울,2019/05/06,1124,1108,16,14.5,19.8,15:54,9.8,6:01,0,0,,27.1,12
서울,2019/05/07,1202,1172,30,15,21.9,14:34,8.4,6:02,0,0,,33.4,16
서울,2019/05/08,1043,1031,12,15.6,21.3,15:36,10.1,5:37,0,0,,48.3,31
서울,2019/05/09,1173,1169,4,16.6,22.9,15:27,11.7,5:32,0,0,,43.3,19
서울,2019/05/10,1309,1300,9,17.8,26.8,15:18,10.3,5:43,0,0,,48,28
서울,2019/05/11,1644,1636,8,20.3,28.3,14:30,13.2,5:45,0,0,,39,22
서울,2019/05/12,1645,1633,12,21.6,28.9,15:24,14.7,5:06,0,0,,36,24
서울,2019/05/13,1549,1543,6,18.7,22.8,12:44,15.5,23:32,0,0,,43.4,29
서울,2019/05/14,1414,1364,50,19.6,26.9,14:29,12.9,5:17,0,0,,44.5,24
서울,2019/05/15,1402,1395,7,20.7,28,15:42,14.8,5:29,0,0,,48.1,23
서울,2019/05/16,1425,1421,4,23.5,30,14:50,16.7,5:39,0,0,,43.8,25
서울,2019/05/17,1641,1629,12,23.6,28.3,15:28,17.6,5:43,0,0,,44.9,31
서울,2019/05/18,1548,1531,17,22.8,25.9,16:31,19.1,6:07,0,0,,46.8,38
서울,2019/05/19,1720,1697,23,19.4,21.6,0:01,17.9,5:42,22,4.2,16:56,93,55
서울,2019/05/20,1712,1698,14,16.4,20.2,0:43,13,23:52,8.7,6.1,1:40,63.6,33
서울,2019/05/21,1548,1533,15,17.2,23.8,14:49,11.7,5:07,0,0,,52,22
서울,2019/05/22,2008,1973,35,19.5,26.5,15:39,12.3,5:59,0,0,,46,19
서울,2019/05/23,1876,1856,20,22.1,29.2,16:07,15,5:43,0,0,,45,16
서울,2019/05/24,1733,1715,18,24.2,33.4,16:22,16.2,5:20,0,0,,46.4,27
서울,2019/05/25,1570,1543,27,23.4,28.6,15:38,18.4,6:04,0,0,,45.6,15
서울,2019/05/26,1533,1523,10,24.5,31.1,13:42,18.6,6:13,0,0,,39,21
서울,2019/05/27,1750,1724,26,17.8,22.3,2:21,14.3,23:56,7.1,1.7,7:51,80.9,42
서울,2019/05/28,1336,1310,26,18.1,24.6,14:44,11.9,5:15,0,0,,45.9,20
서울,2019/05/29,1997,1975,22,20.3,26.5,14:59,13.3,5:17,0,0,,48.4,21
서울,2019/05/30,2150,2127,23,19.6,24.5,11:23,14.6,5:11,0,0,,48,31
서울,2019/05/31,1614,1596,18,19.1,23.3,14:48,16.1,23:55,0,0,,49.6,35
서울,2019/06/01,1877,1859,18,18.9,23.7,17:14,14.8,3:21,0,0,,60.5,40
서울,2019/06/02,1838,1824,14,21.1,27.8,14:38,14.1,5:24,0,0,,42.1,22
서울,2019/06/03,1888,1858,30,23.1,29.5,16:33,16,5:45,0,0,,42.9,27
서울,2019/06/04,1947,1933,14,22.6,29,14:14,17.6,5:17,0,0,,56.4,34
서울,2019/06/05,1946,1927,19,23,29.6,14:06,17.8,2:36,0,0,,63.8,38
서울,2019/06/06,1828,1805,23,21.2,25.1,13:36,18.6,3:45,7.5,3.4,19:28,75.9,56
서울,2019/06/07,1881,1867,14,20,24.7,17:42,17,5:15,35.3,12.1,2:34,77.3,50
서울,2019/06/08,1916,1902,14,21.9,27.6,14:34,16,5:04,0,0,,57.5,28
서울,2019/06/09,2412,2399,13,21.6,26.5,13:02,17.1,23:24,2.5,1.6,20:55,66.1,47
서울,2019/06/10,2227,2214,13,18.4,21.9,16:39,15.7,3:59,9.5,3.5,1:06,70.3,49
서울,2019/06/11,1884,1867,17,20.5,26.1,16:04,15.5,5:53,0,0,,51.1,32
서울,2019/06/12,2229,2216,13,21.5,26.4,14:04,16.1,5:38,0,0,,57.1,40
서울,2019/06/13,2262,2247,15,23,28.8,15:49,16.6,5:34,0,0,,51.9,33
서울,2019/06/14,2327,2313,14,23,28.4,15:06,19.1,5:28,0,0,,54.8,30
서울,2019/06/15,2065,2047,18,21.9,27.4,16:13,17.9,23:59,2.1,2.1,18:15,61.5,37
서울,2019/06/16,2211,2201,10,22,27.2,16:19,16.1,5:26,0,0,,55.4,34
서울,2019/06/17,2843,2827,16,21.7,26.2,15:15,18.1,6:14,0,0,,59.1,35
서울,2019/06/18,2890,2864,26,20.8,24.8,13:45,17,7:22,13.8,7.8,5:59,78.6,54
서울,2019/06/19,3047,3026,21,21.4,25.4,14:17,18.9,4:28,0.2,0.2,,77.8,55
서울,2019/06/20,3453,3427,26,22.7,27.8,16:02,19.8,5:25,0,0,,70.6,45
서울,2019/06/21,3652,3624,28,22.1,26.1,15:03,19.4,2:20,0.2,0.2,,72.9,55
서울,2019/06/22,3946,3909,37,24.2,30.6,15:23,17.7,5:01,0,0,,42.3,25
서울,2019/06/23,3533,3499,34,25,31,16:03,19.1,5:54,0,0,,40.4,28
서울,2019/06/24,3707,3676,31,25.2,30.9,14:40,20.9,5:48,0,0,,46.9,28
서울,2019/06/25,3692,3651,41,25.6,32.8,15:32,19.5,5:17,0,0,,49.1,24
서울,2019/06/26,4510,4436,74,25.5,29.5,15:33,20.7,5:31,0,0,,52.6,34
서울,2019/06/27,3706,3666,40,25.5,31.2,14:10,21.9,5:25,1.4,1.3,0:33,70.5,39
서울,2019/06/28,5376,5309,67,24.7,29,15:46,22.3,23:57,0,0,,67.3,49
서울,2019/06/29,4813,4744,69,23.1,27.7,16:39,19.6,7:26,1.5,0.5,3:41,72,44
서울,2019/06/30,5293,5113,180,23.9,28.5,12:48,20.9,5:25,0,0,,73.5,47
서울,2019/07/01,5628,5525,103,23.9,28.9,15:51,20.6,4:17,0,0,,64.4,36
서울,2019/07/02,5616,5547,69,24.4,30.1,14:28,20.8,5:41,0,0,,63.5,33
서울,2019/07/03,5679,5555,124,24.1,27.4,11:40,21.2,4:35,0,0,,64.6,46
서울,2019/07/04,5604,5538,66,25.4,32.8,14:26,20,5:35,0,0,,59.6,27
서울,2019/07/05,6180,5994,186,27.6,35,15:26,20.2,4:48,0,0,,42.1,24
서울,2019/07/06,5858,5791,67,29.7,36.1,15:35,24.6,5:46,0,0,,40.9,24
서울,2019/07/07,5445,5374,71,26.7,32.5,15:20,22.7,23:50,0,0,,43.3,28
서울,2019/07/08,4874,4811,63,25.1,31,14:59,21.2,5:02,0,0,,46.6,32
서울,2019/07/09,4860,4802,58,25,30,13:26,19.7,5:30,0,0,,46.4,32
서울,2019/07/10,4669,4600,69,22.7,27.3,11:47,19.3,22:16,8.5,2.7,20:19,64.1,41
서울,2019/07/11,5019,4951,68,21.9,25.9,13:20,19.5,0:01,2.9,1.6,5:34,76.9,58
서울,2019/07/12,4918,4828,90,23.6,28.7,15:24,20,3:53,0,0,,65.5,44
서울,2019/07/13,5754,5670,84,24.9,29.7,15:14,22.1,5:22,0,0,,67.3,43
서울,2019/07/14,5588,5523,65,25.9,31.6,13:56,21.2,4:55,0,0,,64.6,38
서울,2019/07/15,6202,6137,65,23.8,27.4,11:52,22.1,20:01,7.7,4.3,16:14,80,59
서울,2019/07/16,4659,4599,60,24.7,28.8,16:44,21.4,4:02,6.3,4.4,1:30,79,52
서울,2019/07/17,5177,5116,61,25.6,29.2,15:46,22.3,5:55,0.7,0.7,11:25,73.9,54
서울,2019/07/18,5227,5144,83,26.9,32.1,15:15,23.3,5:05,0,0,,65,41
서울,2019/07/19,5659,5566,93,28.6,35,14:50,22.8,5:46,0,0,,61.3,37
서울,2019/07/20,4431,4361,70,28,31.9,15:27,25.1,8:46,1.1,0.8,7:56,66.9,50
서울,2019/07/21,3713,3667,46,25.1,27,0:03,24.2,5:46,6.2,1.6,13:10,87.1,74
서울,2019/07/22,4500,4437,63,26.7,31,17:09,24.2,3:55,0.1,0.1,,74.6,54
서울,2019/07/23,4716,4675,41,28.1,32.9,16:13,24.4,1:58,0,0,,70.8,48
서울,2019/07/24,4480,4418,62,26.5,27.2,0:02,25.2,8:51,1,0.6,7:47,82.3,75
서울,2019/07/25,3065,3046,19,26.3,27.4,14:25,25.6,5:52,9.7,5.1,17:31,90.1,79
서울,2019/07/26,4060,4017,43,25.1,25.9,0:01,23.7,9:27,60,20.7,8:29,95.3,91
서울,2019/07/27,3602,3552,50,28.4,33.4,15:23,24.9,4:42,0.6,0.6,3:49,76.6,48
서울,2019/07/28,4204,4158,46,26.1,28.2,0:01,25,11:28,25.6,11.3,8:04,88.3,77
서울,2019/07/29,3548,3500,48,27.5,30,15:52,25.6,5:39,0.5,0.5,0:25,74.5,63
서울,2019/07/30,3136,3068,68,28.1,30.8,13:32,26.3,7:21,1.2,0.8,16:20,75.3,64
서울,2019/07/31,3469,3431,38,25.8,27.5,0:02,24,9:50,62.3,26.3,7:24,91.1,79
서울,2019/08/01,2929,2904,25,26.3,30.1,16:26,23.5,9:06,26.9,11.3,1:15,86.4,66
서울,2019/08/02,2562,2534,28,28.4,33.1,17:15,24.7,4:32,0,0,,74.6,48
서울,2019/08/03,2501,2482,19,29.4,36,14:11,25.6,5:36,3,3,15:40,69,39
서울,2019/08/04,2307,2281,26,28.3,34.4,14:42,25,5:44,8.6,8.3,16:50,75.9,48
서울,2019/08/05,2409,2378,31,30.5,35.9,15:30,25.6,5:28,0,0,,65.5,38
서울,2019/08/06,2311,2290,21,31.6,36.8,14:50,27.9,5:39,0,0,,51.4,31
서울,2019/08/07,2051,2028,23,26.9,30.3,18:01,23.9,7:56,8,2.3,6:40,78.1,51
서울,2019/08/08,1977,1958,19,28.9,32.7,15:04,25.9,6:02,0,0,,71.4,52
서울,2019/08/09,2049,2024,25,29.8,34.6,17:04,26,6:01,0,0,,69,46
서울,2019/08/10,2324,2283,41,31.5,36.5,14:50,26.6,5:45,0,0,,57.9,40
서울,2019/08/11,2380,2350,30,30.4,35.7,15:46,26.3,6:00,6.7,5.7,23:13,53.6,34
서울,2019/08/12,2139,2115,24,26.6,28.5,16:38,24.8,1:27,56.2,12.3,0:01,91.8,79
서울,2019/08/13,2021,2012,9,29.2,35.3,16:04,25.1,6:58,6.4,6.4,,76.9,43
서울,2019/08/14,2681,2646,35,30.4,35.7,13:45,25.9,5:49,0,0,,63.9,42
서울,2019/08/15,2107,2073,34,25.9,28.6,0:01,23.9,23:34,16.2,8.1,12:37,82,61
서울,2019/08/16,1607,1596,11,25.9,29.5,14:14,23,5:26,0.1,0.1,,74.5,59
서울,2019/08/17,2206,2183,23,25.9,28.8,15:39,23.4,23:57,0,0,,69.5,45
서울,2019/08/18,1949,1935,14,25.6,30.7,15:58,22.6,5:49,0,0,,66.5,37
서울,2019/08/19,2153,2134,19,26.3,31.3,15:32,21.2,5:52,0,0,,60.6,35
서울,2019/08/20,2532,2505,27,28.2,32.8,14:50,23.2,5:55,0,0,,56.3,39
서울,2019/08/21,2599,2565,34,27,30.4,11:59,24.4,6:33,1.3,0.5,17:50,67.3,49
서울,2019/08/22,2707,2679,28,26.9,31.4,13:55,23,4:44,0,0,,66.5,36
서울,2019/08/23,3335,3312,23,26.2,30.5,14:33,22.7,6:28,0,0,,58.4,28
서울,2019/08/24,3254,3226,28,24.1,27.3,15:04,21.5,4:33,0,0,,60.9,46
서울,2019/08/25,2494,2481,13,25,29.9,14:45,20.2,5:43,0,0,,66.6,43
서울,2019/08/26,2669,2651,18,26.4,32.1,15:37,21.5,6:19,0,0,,63.8,34
서울,2019/08/27,2852,2835,17,25.7,29.3,16:43,22.2,6:22,20,16.7,4:16,71.1,44
서울,2019/08/28,2638,2604,34,26.1,30.2,15:09,23.6,6:21,0,0,,66.2,37
서울,2019/08/29,2945,2911,34,23.4,26.4,16:35,20.1,11:13,36.9,29.4,10:27,77.1,54
서울,2019/08/30,2629,2591,38,22.6,27,14:27,19.5,5:28,0.2,0.2,,66.3,42
서울,2019/08/31,2580,2559,21,23.5,28.9,16:17,18.5,6:14,0,0,,65,38
서울,2019/09/01,2382,2352,30,23.7,27.8,15:38,19.2,6:02,0,0,,64,37
서울,2019/09/02,2521,2506,15,24.4,29.7,14:32,19.4,6:42,0,0,,56.6,34
서울,2019/09/03,2834,2742,92,24.1,28,15:04,22,6:32,0,0,,67.6,50
서울,2019/09/04,2599,2564,35,22.8,25.5,16:09,21.2,8:21,22.7,6.8,18:01,89,73
서울,2019/09/05,2919,2900,19,23,27.6,12:21,21.5,17:00,36.4,18.4,13:45,91.4,66
서울,2019/09/06,2931,2914,19,25.3,29.1,13:58,21.6,0:01,2.4,2.1,20:51,79.8,63
서울,2019/09/07,3178,3141,37,25.7,29.5,11:52,22.6,20:11,2.8,0.6,14:58,72.9,58
서울,2019/09/08,3052,3008,44,24.7,27.3,14:03,22.9,6:32,0,0,,76.9,62
서울,2019/09/09,3396,3361,35,25.1,28,12:25,22.4,6:05,0,0,,74.3,55
서울,2019/09/10,3350,3310,40,23.8,26.5,12:35,22.1,6:44,63.2,11,4:43,93.4,73
서울,2019/09/11,2814,2797,17,24.3,28.7,13:23,20.4,6:21,7.6,2.6,0:14,71.4,54
서울,2019/09/12,2609,2580,29,21,22.9,0:02,18.7,21:22,3.9,1.4,17:40,72.3,56
서울,2019/09/13,2536,2518,18,23.3,29.3,15:55,18.3,4:53,0.1,0.1,,60.4,34
서울,2019/09/14,3363,3337,26,22.4,24.1,11:38,20.8,23:53,0.3,0.3,13:58,80,61
서울,2019/09/15,2551,2530,21,24.2,30,16:36,19.5,6:38,0,0,,70.4,40
서울,2019/09/16,3621,3592,29,24.5,30.5,16:08,20.7,6:30,0,0,,53,28
서울,2019/09/17,3889,3865,24,23.5,29,15:49,18,6:11,0,0,,41.6,24
서울,2019/09/18,3094,3058,36,21,25.4,13:28,16,23:58,0,0,,46,27
서울,2019/09/19,2959,2935,24,19.5,26,15:54,13.6,4:45,0,0,,46.5,32
서울,2019/09/20,2550,2534,16,19.6,24.2,13:41,15.8,4:39,0,0,,52.8,39
서울,2019/09/21,2704,2677,27,19.6,22.1,12:42,18.3,5:30,0,0,,60.3,48
서울,2019/09/22,2210,2193,17,18.6,19.6,11:17,17.3,5:58,0.4,0.2,,63.4,54
서울,2019/09/23,2726,2704,22,20,24.6,16:55,16.9,6:36,0,0,,51.1,33
서울,2019/09/24,2306,2283,23,19.8,26.5,14:43,13.9,6:25,0,0,,61.3,31
서울,2019/09/25,2357,2344,13,20.9,27.4,14:33,14.8,6:17,0,0,,64.4,34
서울,2019/09/26,2410,2392,18,22.9,29,14:07,17.7,6:18,0,0,,59.3,31
서울,2019/09/27,2542,2521,21,22.9,27,14:21,19.6,6:09,0,0,,57.5,35
서울,2019/09/28,2411,2393,18,23.7,29.2,14:10,19.4,6:56,0,0,,58.9,35
서울,2019/09/29,2612,2592,20,22.6,28.6,15:02,17.9,6:23,0,0,,60.6,28
서울,2019/09/30,2647,2631,16,22.4,29.9,14:45,16.4,6:31,0,0,,61,29
서울,2019/10/01,2597,2569,28,23.1,28.2,15:36,17.6,6:22,0,0,,67.1,46
서울,2019/10/02,2510,2493,17,21.6,24.2,11:12,20,23:30,23.1,4.6,3:30,88,66
서울,2019/10/03,2470,2445,25,22.4,27.3,14:35,19.8,4:52,4.6,2,0:11,73.4,45
서울,2019/10/04,2521,2503,18,22.4,27.8,14:42,18,6:36,0,0,,71.5,50
서울,2019/10/05,3175,3150,25,18.7,21.9,14:39,14.7,23:58,0.6,0.5,7:02,72.6,59
서울,2019/10/06,2147,2136,11,18.1,22.7,14:44,13.2,6:04,0,0,,53.4,38
서울,2019/10/07,2491,2471,20,14.8,17.9,0:01,13.3,23:09,25.4,5.6,8:53,92,58
서울,2019/10/08,739,731,8,14.7,19.8,14:42,10.6,23:31,0,0,,58.8,26
서울,2019/10/09,850,847,3,13.6,20.4,14:41,7.7,7:04,0,0,,48.3,23
서울,2019/10/10,868,861,7,15.2,19.8,15:08,10.7,2:15,0,0,,60.9,39
서울,2019/10/11,1117,1111,6,18.8,26.1,15:48,13,6:59,0,0,,60,30
서울,2019/10/12,1890,1872,18,17.9,23.3,13:19,13.3,23:46,0,0,,49.3,34
서울,2019/10/13,1586,1573,13,17.2,23.8,15:17,12.1,4:13,0,0,,52.6,32
서울,2019/10/14,1141,1135,6,14.4,19.6,14:10,9.5,23:58,0,0,,56.9,33
서울,2019/10/15,623,609,14,14.5,20.4,13:55,8.8,1:55,0,0,,55.6,38
서울,2019/10/16,629,624,5,14.6,20.8,14:50,9,6:56,0,0,,58.3,32
서울,2019/10/17,877,874,3,15.4,21.6,15:32,11.2,6:00,0,0,,56,31
서울,2019/10/18,712,707,5,17,22.7,13:36,12,4:19,0,0,,58.3,43
서울,2019/10/19,1250,1244,6,17,23.1,15:46,12.1,7:10,0,0,,63.8,38
서울,2019/10/20,902,896,6,16.5,22.9,14:38,12,6:42,0,0,,70.3,38
서울,2019/10/21,906,901,5,17.1,24.6,14:43,10.9,6:37,0,0,,61,28
서울,2019/10/22,945,936,9,18.1,24.4,14:31,13.3,7:00,0,0,,56.1,35
서울,2019/10/23,1008,1004,4,17,20.7,14:14,14.3,6:49,0,0,,57.3,42
서울,2019/10/24,1126,1125,1,18.3,23.8,15:04,15.3,2:17,0,0,,47.6,33
서울,2019/10/25,1288,1276,12,16.7,22,12:28,13.1,23:57,0,0,,58,34
서울,2019/10/26,731,725,6,10,14.9,13:27,6.6,7:32,0,0,,60,39
서울,2019/10/27,182,181,1,11,17.4,15:15,4.7,7:29,0,0,,59,34
서울,2019/10/28,268,266,2,12.9,17.7,12:36,7.4,5:32,1.7,1.1,20:44,65.9,39
서울,2019/10/29,440,439,1,12.5,17.6,13:00,8.2,0:00,0.1,0.3,10:16,61,32
서울,2019/10/30,210,206,4,11.2,17.7,13:36,5,7:06,0,0,,60.3,37
서울,2019/10/31,185,185,0,14.8,19.7,14:30,8.4,6:44,0,0,,73.8,55
서울,2020/05/01,869,842,27,20.2,26.2,14:50,16.4,3:01,0,0,,73.6,54
서울,2020/05/02,882,861,21,20.3,23.9,15:00,18,3:28,0,0,,79.6,62
서울,2020/05/03,930,896,34,21.8,27.4,14:59,17,5:20,0,0,,68.8,46
서울,2020/05/04,1322,1304,19,20.2,25.3,13:58,14.8,23:59,0,0,,63.9,44
서울,2020/05/05,1119,1090,30,16,19.3,12:11,13.1,5:19,0,0,,67.9,54
서울,2020/05/06,915,902,13,19.4,27.6,15:46,11.1,5:46,0,0,,50,19
서울,2020/05/07,1396,1367,29,20.7,26.5,14:19,14.9,5:41,0,0,,32.5,20
서울,2020/05/08,1583,1552,31,19.9,27.3,14:23,14.3,23:57,2.3,1.6,22:03,32.8,11
서울,2020/05/09,859,831,28,14.2,16.8,16:23,12.7,3:38,24.4,4.7,9:48,94.4,76
서울,2020/05/10,807,785,22,14.4,16.6,14:05,12.8,1:38,1.3,0.7,2:30,88.6,78
서울,2020/05/11,1218,1176,42,16.5,22,14:14,12.4,23:58,3.4,3.8,23:23,61,27
서울,2020/05/12,1654,1625,29,14.3,18.9,15:27,10.5,5:16,0.7,0.7,0:01,69.4,47
서울,2020/05/13,1348,1328,20,16.1,21.8,14:20,10.2,6:07,0,0,,47.3,24
서울,2020/05/14,1678,1656,22,19.3,25.4,13:46,12.4,4:02,0,0,,35.4,20
서울,2020/05/15,1842,1813,29,16.1,20.2,4:26,14.1,10:52,12,2.1,8:38,81.4,34
서울,2020/05/16,1000,979,21,16.7,20.3,16:44,15,0:01,2.5,0.5,5:56,90.3,74
서울,2020/05/17,1460,1434,26,19.1,24.9,16:40,14.6,5:37,0,0,,80.1,58
서울,2020/05/18,1979,1952,27,19.1,26.8,14:29,13.2,22:02,29.8,19.8,15:53,79.4,46
서울,2020/05/19,1368,1338,30,13,17.1,16:05,10.1,23:55,19,9.6,9:49,73.6,52
서울,2020/05/20,1028,1010,18,14.4,20.1,14:27,9.2,2:13,0,0,,60.4,46
서울,2020/05/21,1563,1540,23,17.4,22.9,16:30,10.9,5:19,0,0,,56.1,40
서울,2020/05/22,1916,1890,26,18.5,22.7,15:41,14.8,5:41,0,0,,68.5,55
서울,2020/05/23,2005,1976,29,20.1,25,15:30,16.6,5:45,0,0,,66.1,44
서울,2020/05/24,2168,2141,27,17.1,20.2,14:15,14.3,23:19,14.5,9.9,5:44,84.8,70
서울,2020/05/25,1891,1874,17,16.6,21.3,15:13,13.7,23:57,0,0,,81,62
서울,2020/05/26,2227,2200,27,16.2,22.9,14:00,12.7,5:35,1.5,1.5,19:55,81.9,47
서울,2020/05/27,2147,2126,21,17.4,23.9,14:50,11.8,6:02,0,0,,68.5,31
서울,2020/05/28,2596,2571,25,18.7,23.4,16:05,14.2,5:29,0,0,,62.8,38
서울,2020/05/29,3057,3024,33,20.7,27.6,16:52,14.6,5:46,0,0,,65.6,38
서울,2020/05/30,3217,3183,34,22.6,30,16:01,16.5,5:30,0,0,,57.3,29
서울,2020/05/31,3088,3038,50,21.2,28,13:32,17.6,5:23,1,1,22:45,63,39
서울,2020/06/01,3332,3288,44,19.7,24.5,16:03,16.6,5:28,0.4,0.3,10:30,64.3,37
서울,2020/06/02,3651,3610,41,17.9,21.8,15:26,14.8,4:49,2,1.9,10:55,71,43
서울,2020/06/03,3136,3106,30,22,28.4,15:16,17.6,5:46,0,0,,73.3,47
서울,2020/06/04,3590,3568,22,21.9,26.5,14:01,19.7,23:58,0.2,0.1,,81.1,57
서울,2020/06/05,3808,3771,37,23,28.7,15:29,18.4,4:43,0,0,,69.4,45
서울,2020/06/06,4008,3982,26,24.6,30.9,15:43,19.2,5:41,0,0,,63.6,38
서울,2020/06/07,3602,3564,38,22.7,29.2,15:45,19.2,3:18,0,0,,69.4,44
서울,2020/06/08,3656,3621,35,25,32,15:29,19.8,1:01,0,0,,63.6,40
서울,2020/06/09,3294,3263,31,26.7,32.8,15:02,20.3,5:58,0,0,,51.6,34
서울,2020/06/10,3305,3266,39,25.8,32.1,13:56,22.5,5:48,6.2,2.9,20:19,63.8,41
서울,2020/06/11,3117,3087,30,26.1,31.6,16:20,21.7,5:11,0,0.1,,68.3,38
서울,2020/06/12,3687,3646,41,24.7,27.6,14:21,21.6,5:25,0,0,,68.6,49
서울,2020/06/13,3339,3297,42,26.9,33.5,15:13,20.6,5:41,0,0,,52.8,27
서울,2020/06/14,2867,2824,43,24,28.8,14:33,20.1,23:55,1.1,1.1,2:31,70.6,41
서울,2020/06/15,3134,3102,32,23,28.6,15:00,18.2,5:48,0,0,,62.3,31
서울,2020/06/16,3177,3148,29,24.4,30.7,15:27,20,3:57,0,0,,63,37
서울,2020/06/17,3024,2997,27,24.3,30.3,14:55,20.2,5:33,0,0,,58.6,37
서울,2020/06/18,3444,3417,27,23.4,27.3,15:51,20.3,5:41,0,0,,61.4,47
서울,2020/06/19,3246,3220,26,24.7,30,14:48,21.1,6:58,0.1,0.1,,61.4,45
서울,2020/06/20,3538,3476,62,24.9,29.7,12:54,20.7,5:03,0,0,,62.6,48
서울,2020/06/21,3087,3059,28,26.1,32.7,14:50,19.5,5:44,0,0,,59.5,39
서울,2020/06/22,2899,2865,34,28.6,35.4,15:09,21.7,5:22,0,0,,50.5,26
서울,2020/06/23,2425,2393,32,27.3,31,14:05,23.2,6:10,0,0,,53.5,42
서울,2020/06/24,2378,2355,23,22.3,26.3,0:01,19.9,12:50,37.6,8.5,11:05,83.5,55
서울,2020/06/25,1901,1888,13,21.6,23.4,15:27,20.1,23:31,13.3,3.5,1:20,91,79
서울,2020/06/26,2062,2035,27,21.8,25.7,15:29,19.2,3:38,2.1,0.9,#SPILL!,82.1,63
서울,2020/06/27,2952,2917,35,24.1,29.6,15:25,20.4,5:24,0,0,,70.4,52
서울,2020/06/28,2836,2800,36,25.2,30.1,15:07,21.5,5:54,0,0,,70.5,49
서울,2020/06/29,2848,2822,26,23.8,26.5,10:59,20.6,23:57,11.9,9.6,23:31,77,64
서울,2020/06/30,2213,2181,32,20.1,23.1,14:50,18.4,5:07,64.7,15.9,3:30,83,63
서울,2020/07/01,2372,2341,31,21.1,24.3,16:42,18.1,4:47,0,0,,79.3,67
서울,2020/07/02,2984,2898,86,24.2,29.8,16:35,20.4,1:14,0,0,,74.5,51
서울,2020/07/03,3016,2971,45,25.5,30.6,15:08,21.6,0:00,0.1,0.5,23:30,63.5,34
서울,2020/07/04,3365,3331,34,24.2,29.5,14:51,20.4,5:42,1.6,0.9,0:36,63.9,39
서울,2020/07/05,3294,3267,27,23.8,27.6,13:13,19.9,5:21,0,0,,68.6,52
서울,2020/07/06,3228,3183,45,25.6,30.9,16:05,21.8,5:54,0,0,,66.6,46
서울,2020/07/07,3351,3303,48,24.1,28.1,16:47,22.1,6:59,0,0,,75.5,59
서울,2020/07/08,3276,3235,41,25.5,30.4,16:02,21.3,5:36,0,0,,71.9,52
서울,2020/07/09,3746,3689,57,27.5,32.9,14:49,21.8,5:26,0,0,,64.6,38
서울,2020/07/10,3917,3893,24,24.5,27.7,0:01,22.7,23:44,2.2,1.9,8:00,75,60
서울,2020/07/11,3598,3578,20,25.8,30.2,14:06,22.2,4:32,0,0,,62.6,49
서울,2020/07/12,3854,3824,30,23.5,26,12:35,21.7,23:19,2.9,0.9,16:44,71.9,58
서울,2020/07/13,3068,3036,32,18.7,21.7,0:01,17.7,6:15,47.6,6.2,22:15,94.8,86
서울,2020/07/14,2593,2574,19,20.3,24.3,15:33,17.2,4:16,11.5,5.9,#SPILL!,79.4,62
서울,2020/07/15,3271,3240,31,23.4,28.7,17:03,18.9,5:47,0,0,,63.1,40
서울,2020/07/16,3825,3795,30,25,29.7,15:14,20.4,4:54,0,0,,70.9,55
서울,2020/07/17,3928,3847,81,26,31.6,14:33,21.5,5:44,0,0,,72,52
서울,2020/07/18,3259,3225,34,26.1,31,15:39,22.8,5:29,0,0,,71.6,54
서울,2020/07/19,3660,3634,26,24,26.6,22:01,20.6,9:04,29.1,19.3,8:20,81.6,62
서울,2020/07/20,3612,3589,23,23.8,26.6,2:12,22.4,22:17,3.6,1.3,2:31,86.3,77
서울,2020/07/21,3873,3851,22,25,30.5,15:33,21.4,6:11,0,0,,77,51
서울,2020/07/22,3663,3628,35,23.7,25.7,15:01,22.6,22:22,11.5,6.2,7:58,89.3,81
서울,2020/07/23,3582,3540,42,21.1,22.6,0:01,18.5,23:19,103.1,18.5,17:17,95.5,89
서울,2020/07/24,2105,2089,16,22.5,26.8,16:25,18.7,0:01,2.9,2.3,8:55,74.3,61
서울,2020/07/25,3057,3035,22,24.3,29,15:55,22.3,2:35,0,0,,69.3,56
서울,2020/07/26,2702,2663,39,25.4,29.6,16:14,21.6,5:49,0,0,,69.3,56
서울,2020/07/27,3242,3221,21,24.3,25.5,15:40,22.9,6:11,2.2,0.6,3:06,86.4,80
서울,2020/07/28,2676,2646,30,24.4,26.4,14:47,22.7,5:48,0.4,0.3,16:14,84.8,71
서울,2020/07/29,2918,2884,34,23.7,24.9,17:46,22.6,9:25,50.1,27.1,9:02,95.8,89
서울,2020/07/30,2163,2143,20,25.3,28.4,14:39,23.4,23:24,0.1,0.1,,85.5,68
서울,2020/07/31,3082,3043,39,26.2,29.6,13:19,22.8,6:35,1.5,1.2,23:05,81.9,69
서울,2020/08/01,3229,3187,42,25.3,26.9,11:13,24.3,5:46,39.1,23.6,12:22,90.9,82
서울,2020/08/02,3227,3183,44,24.9,26.4,15:01,23.5,18:55,31.4,13.8,15:33,96.3,90
서울,2020/08/03,2426,2401,25,25,26.3,1:42,23.9,20:02,102.6,28.5,8:36,96.3,89
서울,2020/08/04,1929,1902,28,27,29.4,15:20,25,0:01,3.9,1.8,6:36,89.3,77
서울,2020/08/05,2322,2302,20,26.5,29.1,16:30,25.5,23:46,18.5,14.4,23:25,92.1,81
서울,2020/08/06,2399,2378,21,24.1,26,16:44,22.9,23:57,75.7,19.9,4:15,92.8,83
서울,2020/08/07,2124,2101,23,24.3,26.1,15:36,22.6,6:28,0,0,,85.3,71
서울,2020/08/08,2251,2233,18,24.2,26.1,16:28,22.7,4:32,19.1,5.9,20:26,89.5,77
서울,2020/08/09,2266,2236,30,24.9,25.8,23:30,23.7,0:01,50.3,13.9,13:37,95.4,89
서울,2020/08/10,2155,2122,33,26.5,29.5,13:31,24.7,23:57,44.6,28.6,15:56,91.6,78
서울,2020/08/11,1920,1907,13,24.6,27.3,13:33,22.4,5:36,97,23.6,4:35,92.5,79
서울,2020/08/12,2071,2052,19,27.2,31.3,14:05,23.5,4:31,0,0,,83.9,68
서울,2020/08/13,2562,2533,29,28,30.3,15:57,26.3,5:06,0,0,,82.4,74
서울,2020/08/14,2331,2293,38,27.1,28,11:47,26.5,8:22,0.4,0.4,7:50,86.1,81
서울,2020/08/15,2741,2721,20,26.1,27,17:45,25,7:29,69,23.7,5:52,96,92
서울,2020/08/16,2429,2389,40,27.4,30.8,14:41,25.3,5:33,0,0,,82.6,66
서울,2020/08/17,3518,3488,30,28.2,32.2,16:02,26.1,4:59,0,0,,77.9,61
서울,2020/08/18,3258,3211,47,27.5,31.9,15:43,24,6:22,0,0,,76.3,56
서울,2020/08/19,3048,3011,37,27.1,31.4,15:48,23.6,5:14,0,0,,76.8,61
서울,2020/08/20,3284,3247,37,27.7,31.7,13:10,25,3:01,0,0,,76,58
서울,2020/08/21,3117,3098,19,26.6,29.2,16:30,25.2,5:43,2.5,2.1,11:59,83.1,75
서울,2020/08/22,2882,2843,39,24.3,27.6,12:07,21.7,23:42,42.6,23,12:11,87.4,78
서울,2020/08/23,2241,2198,43,25.3,29.9,15:55,21.5,0:45,0,0,,78.4,59
서울,2020/08/24,3321,3287,34,27.8,32,15:21,23.7,5:54,0,0,,71.6,54
서울,2020/08/25,3405,3361,44,29.9,34.5,14:52,26,6:18,0,0,,69.5,49
서울,2020/08/26,3175,3138,37,30.2,34.5,15:53,27,5:52,0.6,0.6,22:25,68.3,53
서울,2020/08/27,2281,2250,31,27.1,28.6,16:11,25.6,7:36,8.7,4.2,6:32,84.6,70
서울,2020/08/28,2814,2781,33,27.3,29.7,12:28,26,5:51,13.6,6.7,5:23,89.1,77
서울,2020/08/29,2890,2869,21,26.8,29,16:12,25.5,5:58,13.6,6.5,10:52,90.1,77
서울,2020/08/30,2794,2784,10,26.8,30.6,14:23,24.4,23:48,42.5,32.5,1:44,88.8,74
서울,2020/08/31,2946,2930,16,26.4,30,16:10,23.8,1:07,0,0,,77.9,67
서울,2020/09/01,3059,3036,23,26.6,29.5,14:59,23.8,6:30,0,0,,72.4,62
서울,2020/09/02,3532,3515,17,24.3,26.4,0:02,22.6,23:46,33.3,20,17:36,91.3,79
서울,2020/09/03,2941,2903,38,22.7,25.6,14:20,20,7:41,29.8,5.1,2:20,82,63
서울,2020/09/04,3653,3628,25,23.3,27.5,15:41,19.9,3:25,0,0,,63.9,39
서울,2020/09/05,3747,3703,44,23.3,27.3,15:29,19.2,6:15,0,0,,66.6,53
서울,2020/09/06,3626,3600,26,21.7,24.4,14:49,19.5,22:52,6.4,4.1,22:40,80,62
서울,2020/09/07,2482,2471,11,19.2,20.6,23:52,17.5,7:51,61,8.4,19:33,93.5,84
서울,2020/09/08,2711,2678,33,23.4,26.5,14:19,20.6,0:01,0,0,,71.5,50
서울,2020/09/09,3568,3532,36,21.1,25.3,12:58,19,14:24,1.3,1.1,13:31,83.4,65
서울,2020/09/10,2187,2160,27,22.8,27,15:37,18.8,6:23,3.9,3.5,4:31,75.8,49
서울,2020/09/11,2898,2864,34,22.4,27.1,12:19,19.2,23:57,1.2,1.4,23:30,72.6,47
서울,2020/09/12,3031,3002,29,20.2,23.2,15:41,18.1,2:32,5.7,1.8,1:21,83.8,74
서울,2020/09/13,2636,2611,25,21.5,26.6,15:42,16.7,6:18,0,0,,70.4,52
서울,2020/09/14,3215,3176,39,21.3,24.9,12:36,17.6,6:22,0,0,,79.3,62
서울,2020/09/15,3304,3269,35,23,27.7,14:29,18.9,6:27,0,0,,76.4,50
서울,2020/09/16,3987,3946,41,22.5,24.9,12:48,21.3,23:27,0.3,0.2,,79.9,70
서울,2020/09/17,3568,3544,24,21.3,23.6,15:23,20.1,23:33,0,0,,70.3,47
서울,2020/09/18,4161,4127,34,21.5,25.8,14:44,18.1,7:05,0,0,,62,35
서울,2020/09/19,3751,3715,36,21.2,26.2,14:36,17.6,0:00,0.3,0.2,,59.3,27
서울,2020/09/20,3861,3815,46,19.7,24.9,15:10,15.6,6:30,0,0,,57.6,33
서울,2020/09/21,3017,2983,34,19.1,25.3,14:49,13.6,6:09,0,0,,56.1,33
서울,2020/09/22,2538,2507,31,20.2,25.6,14:54,15.5,6:18,0,0,,55.3,35
서울,2020/09/23,3177,3142,35,19.2,23.8,13:59,15.2,5:21,0,0,,59.9,50
서울,2020/09/24,3212,3189,23,20.6,25.4,13:40,16.8,6:06,0,0,,59.6,49
서울,2020/09/25,3396,3366,30,20.1,25.4,14:33,16.6,4:26,0,0,,64.1,49
서울,2020/09/26,3062,3048,14,19.3,24.8,14:58,14.8,5:37,0,0,,62.5,45
서울,2020/09/27,3109,3088,21,20.4,25.8,13:40,14.9,6:40,0,0,,63.3,43
서울,2020/09/28,2913,2884,29,20.7,26.5,14:51,15.7,5:28,0,0,,66,40
서울,2020/09/29,2951,2921,30,19.6,23.9,16:23,15.3,6:26,0,0,,67.6,43
서울,2020/09/30,2785,2747,38,19.6,25.7,13:58,16.2,6:47,38.3,34,18:24,78,48
서울,2020/10/01,2409,2381,28,18.8,23.6,14:45,15.6,6:20,0,0,,74.9,58
서울,2020/10/02,2999,2972,27,19.2,21.9,11:30,16.3,3:53,0,0,,79.6,63
서울,2020/10/03,2512,2479,33,19.9,23.2,12:30,18.3,23:38,0,0,,72.5,46
서울,2020/10/04,3277,3240,37,16.6,21.8,13:30,10.6,23:50,0,0,,65.1,42
서울,2020/10/05,2059,2031,28,13.3,18.4,15:55,8.5,5:37,0,0,,57.3,40
서울,2020/10/06,1522,1507,15,14.2,19.7,15:29,9.3,6:27,0,0,,55.9,34
서울,2020/10/07,1702,1668,34,16,22,15:58,9.9,7:05,0,0,,48.9,24
서울,2020/10/08,1790,1766,24,17.2,23.1,15:11,12.1,6:21,0,0,,53,35
서울,2020/10/09,2357,2326,31,17.2,23.3,15:08,12.4,5:27,0,0,,53.4,42
서울,2020/10/10,2602,2573,29,16.9,21.5,13:44,12.3,5:43,0,0,,60.1,41
서울,2020/10/11,2320,2291,29,16.9,20.8,11:55,12.7,6:34,0,0,,68.5,52
서울,2020/10/12,1539,1526,13,16.2,21.3,14:11,12.1,23:56,0,0,,68.6,48
서울,2020/10/13,1857,1834,23,13.6,18.4,14:59,8.6,6:27,0,0,,52.3,30
서울,2020/10/14,1051,1043,8,12.8,18,13:27,8.5,0:00,0,0,,47,20
서울,2020/10/15,729,722,7,11.7,18.5,14:33,6.5,6:44,0,0,,41.8,27
서울,2020/10/16,736,729,7,11.8,15.4,14:25,8.6,6:15,0,0,,64.3,48
서울,2020/10/17,665,651,14,13.1,18.6,15:08,8.7,7:02,0,0,,64.3,26
서울,2020/10/18,732,723,9,13.6,20.2,13:52,7.2,6:30,0,0,,65.5,40
서울,2020/10/19,999,990,9,15.1,21.3,14:40,9.8,7:00,0,0,,74.4,38
서울,2020/10/20,955,949,6,15.2,21.7,14:13,9.9,6:47,0,0,,67.1,38
서울,2020/10/21,1097,1089,9,14.1,17.3,15:29,11.8,3:01,0,0,,69.4,58
서울,2020/10/22,989,982,7,13.5,18.2,14:51,8.4,23:44,0,0,,66,40
서울,2020/10/23,522,519,3,8.6,13.3,15:15,5.4,7:13,0,0,,51.5,34
서울,2020/10/24,274,270,4,8.7,14,15:38,3.2,7:05,0,0,,47.6,27
서울,2020/10/25,363,358,5,11.8,18.2,13:45,5.4,7:08,0,0,,62.5,29
서울,2020/10/26,542,536,6,12.9,19,13:54,8,6:18,0,0,,71.6,42
서울,2020/10/27,544,535,9,14,19.4,14:31,9,6:53,0,0,,74.1,39
서울,2020/10/28,895,884,11,13.8,18.2,14:42,8.6,23:59,0,0,,52.1,23
서울,2020/10/29,701,695,6,10.8,16.1,13:28,5.5,7:03,0,0,,40.3,24
서울,2020/10/30,549,543,6,11.9,19.6,15:12,5.8,7:31,0,0,,42.9,22
서울,2020/10/31,461,454,7,13.6,18.2,14:31,8.5,6:49,0,0,,60.3,51
서울,2021/05/01,395,388,7,10.2,15.3,12:56,8.5,23:26,8,5.3,14:19,80.8,47
서울,2021/05/02,153,151,2,12.4,18.7,14:36,7.3,6:02,1.7,1.2,0:24,67.9,41
서울,2021/05/03,614,608,6,14.1,20.3,15:20,8.4,5:55,0,0,,56.4,27
서울,2021/05/04,881,869,12,13.8,15.8,19:15,11.4,3:00,19.6,5.1,14:36,82.6,53
서울,2021/05/05,454,448,6,13.9,18.4,15:09,10.3,6:20,0.1,0.4,10:16,64.4,29
서울,2021/05/06,731,717,14,15.7,23.1,14:20,7.9,5:38,0,0,,46.4,27
서울,2021/05/07,1060,1041,19,14.4,17.2,15:05,10.7,23:57,8.8,8.8,9:15,60.3,38
서울,2021/05/08,687,679,8,14.3,21,14:37,8.9,5:47,0,0,,66.1,36
서울,2021/05/09,1215,1198,17,15.7,21.8,15:51,10,5:13,0,0,,51.3,25
서울,2021/05/10,1320,1308,12,13.2,14.6,17:16,11.7,2:30,0,0,,67.9,59
서울,2021/05/11,795,787,8,18.5,25.7,15:14,9.4,4:14,0,0,,48.9,28
서울,2021/05/12,1051,1042,9,22,27.7,16:26,16.9,5:29,0,0,,39.5,26
서울,2021/05/13,1468,1449,19,22.9,29.6,14:59,16.6,5:42,0,0,,54.4,36
서울,2021/05/14,1513,1477,36,24.1,30.8,15:41,18,5:58,0,0,,60.3,35
서울,2021/05/15,1524,1496,28,22.1,26.2,12:04,20.8,19:11,15,5.8,13:02,79.5,56
서울,2021/05/16,1117,1094,23,18.4,20.8,0:01,14.8,23:45,66.9,11.3,18:53,97.6,94
서울,2021/05/17,1049,1021,28,15.3,16.7,18:15,14.2,4:42,3.1,1.7,11:15,93,86
서울,2021/05/18,1072,1052,20,17.9,24.5,16:11,13.6,4:03,0,0,,70.5,45
서울,2021/05/19,1393,1369,24,19.9,26.6,15:03,12.4,5:57,0,0,,52.3,31
서울,2021/05/20,1753,1725,28,18.7,22.9,12:52,15.6,23:35,0.9,0.5,22:19,59.8,42
서울,2021/05/21,1440,1423,17,16,18.2,18:20,14.2,6:37,6.9,2,14:01,86.5,73
서울,2021/05/22,1353,1341,12,18.6,23.8,13:09,13.8,5:31,0.2,0.2,,69.3,43
서울,2021/05/23,1955,1942,13,19.5,25.1,13:28,14.3,5:21,0,0,,64.4,46
서울,2021/05/24,2267,2248,19,19.4,24.5,15:25,16.4,5:36,0,0,,61,28
서울,2021/05/25,1961,1949,12,15.3,19.3,16:32,11.9,8:54,8.3,5.4,5:34,72.3,37
서울,2021/05/26,1721,1692,29,18,23,15:13,11.5,5:13,0,0,,58.5,31
서울,2021/05/27,2568,2532,36,15.8,18.7,16:11,13.9,23:01,8.9,6.5,6:42,83,52
서울,2021/05/28,1962,1939,23,15.3,19.7,15:56,12.4,8:44,12.3,4.7,5:02,86,66
서울,2021/05/29,2361,2337,24,15.4,19.1,10:17,12.8,23:53,0.3,0.2,,79.8,59
서울,2021/05/30,1898,1883,15,18.4,26.3,16:03,10.8,5:40,18.1,11.3,22:49,73,37
서울,2021/05/31,2614,2586,28,19.9,23.8,17:25,16.5,4:17,4,4.7,10:34,78.9,63
서울,2021/06/01,3094,3068,26,20.2,23.9,13:11,15.9,8:11,3.2,2.3,7:12,74.6,57
서울,2021/06/02,3016,2988,28,23.2,29.7,15:31,16.6,4:53,0,0,,64.4,37
서울,2021/06/03,3306,3264,42,19.1,22.7,11:43,14.6,23:35,18.1,5.1,19:44,80.8,59
서울,2021/06/04,1934,1898,36,18.5,23.6,15:30,13.3,4:19,0,0,,69.4,38
서울,2021/06/05,2893,2862,31,20.8,25.7,15:24,17,3:59,0,0,,68.1,40
서울,2021/06/06,3035,3018,18,23,28.2,15:29,18.4,1:38,0,0,,69.6,48
서울,2021/06/07,3302,3282,40,21.1,24,17:34,19.4,3:53,0,0,,71.5,57
서울,2021/06/08,3180,3151,29,23.6,29.5,15:39,18.8,5:33,0.1,0.1,,69.6,43
서울,2021/06/09,3661,3653,18,25.8,31.6,15:25,19.5,4:53,0,0,,59.1,36
서울,2021/06/10,4007,3977,30,24.9,29.8,14:41,20.5,23:49,6.1,5.1,22:57,68.5,43
서울,2021/06/11,3292,3280,12,21.5,24.4,16:28,19.9,0:50,4.6,2.6,2:19,84.5,70
서울,2021/06/12,3574,3544,30,24.2,30.2,15:14,18.2,4:44,0,0,,74.6,49
서울,2021/06/13,3568,3550,18,24.8,29.7,16:20,20.9,5:13,0,0,,72.6,54
서울,2021/06/14,3146,3108,38,24.8,30.2,14:52,18.9,6:09,0,0,,68.8,50
서울,2021/06/15,2913,2896,17,22.5,25.3,17:51,21.5,5:23,1.9,0.9,10:18,79.1,68
서울,2021/06/16,2832,2812,20,24.3,28.9,16:22,20.3,3:47,0,0,,59.9,46
서울,2021/06/17,2499,2473,26,21.9,25,12:47,19.6,4:39,0,0,,71.4,58
서울,2021/06/18,2105,2080,25,20,21.4,17:11,19,6:01,6.3,1.7,5:53,92.1,82
서울,2021/06/19,2343,2317,26,22.3,27.4,15:53,17.5,5:50,0,0,,74,49
서울,2021/06/20,2697,2673,24,22.9,29,13:19,17.6,5:20,0,0,,73.3,48
서울,2021/06/21,2621,2605,16,23.6,28.5,14:57,19.2,5:11,0,0,,67,45
서울,2021/06/22,3010,2982,28,22.8,28.6,13:47,19.7,5:38,0,0,,67.9,41
서울,2021/06/23,2706,2683,23,22.4,27.9,15:04,18.8,5:28,7.5,7.5,15:30,70.5,49
서울,2021/06/24,2649,2624,25,23,28,15:40,18.5,4:43,0,0,,71.1,51
서울,2021/06/25,3377,3341,36,24.1,29.5,16:19,19.5,5:51,0,0,,69,48
서울,2021/06/26,3276,3241,35,22.8,26.7,15:49,19.9,5:57,4.5,2.6,3:39,78.5,63
서울,2021/06/27,3070,3036,34,24.5,30.8,15:11,19.8,4:47,38.2,37.7,18:24,72.1,43
서울,2021/06/28,2941,2906,35,23.7,29.2,14:47,21,6:29,0.1,0.1,,76.4,57
서울,2021/06/29,265,262,3,23.9,28.4,15:31,21.3,4:42,8,8,16:14,78.6,56
서울,2021/07/14,787,780,7,29.7,33.5,15:08,26.1,4:47,0,0,,71.4,56
서울,2021/07/15,2055,2025,30,29.1,34.5,13:47,25.9,23:44,0,0,,71.1,51
서울,2021/07/16,2425,2390,35,28.8,35.2,15:38,24.2,5:08,0,0,,68.4,44
서울,2021/07/17,3679,3614,65,29.1,32.8,15:57,24.7,5:21,0,0,,63.1,50
서울,2021/07/18,3654,3580,74,29.6,34.1,15:46,25.7,5:51,0,0,,62.5,46
서울,2021/07/19,3715,3635,80,26.4,30.5,11:34,24,15:32,67.4,65.7,14:06,80.1,61
서울,2021/07/20,3235,3147,88,27.9,31.8,11:59,23.6,5:32,0,0,,75.8,58
서울,2021/07/21,3426,3322,104,30.5,35.3,16:54,25.3,5:56,0,0,,64,40
서울,2021/07/22,3278,3194,84,31.2,35.9,16:15,26.5,6:21,0,0,,59.8,37
서울,2021/07/23,3140,3052,88,31.2,35.8,16:04,27.2,5:41,0,0,,61.8,42
서울,2021/07/24,3251,3146,105,31.7,36.5,15:08,26.9,5:48,0,0,,57.4,37
서울,2021/07/25,3368,3274,94,31.5,35.9,15:47,27.2,5:42,0,0,,55.8,40
서울,2021/07/26,3041,2952,89,31.2,35.4,15:21,27.4,6:08,0,0,,54.9,40
서울,2021/07/27,2719,2628,91,31.1,35.7,15:20,27.8,6:01,0,0,,60.5,43
서울,2021/07/28,3080,2982,98,30.4,34.7,14:56,27.1,6:00,0,0,,67.4,52
서울,2021/07/29,3045,2927,118,29.6,33.3,13:03,27,5:29,0,0,,69.9,57
서울,2021/07/30,3034,2925,109,30.5,35.4,14:06,25.8,5:59,0,0,,63.1,44
서울,2021/07/31,2402,2289,113,29.8,34.3,14:57,26.8,5:38,3,2.4,2:01,69.9,52
서울,2021/08/01,3082,2971,111,27.1,28.8,12:37,25.1,23:45,21,8.7,19:09,81.8,71
서울,2021/08/02,2808,2676,132,26.5,28.6,17:25,25,0:17,1.7,1.4,7:43,82.6,69
서울,2021/08/03,2494,2403,91,28,31.4,14:41,24.1,5:38,0,0,,76.9,60
서울,2021/08/04,2541,2447,94,28.9,33.2,14:26,26.3,5:32,0,0,,70.6,51
서울,2021/08/05,2555,2468,87,29.4,33.7,15:11,25.6,4:07,0,0,,68.1,53
서울,2021/08/06,2630,2547,83,28.1,32.2,13:04,26,23:32,0,0,,68.4,57
서울,2021/08/07,2474,2384,90,28,32.3,16:16,23.4,5:47,0,0,,65,48
서울,2021/08/08,2848,2771,77,26.8,32.1,13:24,24.4,6:07,12.7,11.6,15:22,74.8,57
서울,2021/08/09,2819,2740,79,28.3,33.6,15:30,23.3,4:55,0,0,,62.4,42
서울,2021/08/10,2710,2630,80,27.7,32.2,15:28,24.3,5:49,0,0,,62.5,46
서울,2021/08/11,3002,2919,83,27.4,31.6,16:24,24.1,6:30,0,0,,70.3,49
서울,2021/08/12,3118,3015,103,26.8,31.7,14:32,24,23:05,0,0,,67.1,52
서울,2021/08/13,2545,2435,110,26.6,30.1,16:20,23.4,2:01,0,0,,70.4,57
서울,2021/08/14,2759,2645,114,26.1,30.5,14:49,23.4,6:03,0,0,,63.9,51
서울,2021/08/15,2598,2521,77,26.9,32.4,16:14,21.7,4:57,0,0,,59.6,41
서울,2021/08/16,2548,2460,88,27.3,32.8,16:27,22.5,6:11,0,0,,61.1,39
서울,2021/08/17,2430,2337,93,25.9,31.3,13:47,21.9,23:57,9.3,5.3,19:44,65,46
서울,2021/08/18,2504,2410,94,24.3,31,15:11,20.6,8:06,5.6,2.9,7:13,69.6,48
서울,2021/08/19,2832,2728,104,26,31.5,15:33,21,4:29,0,0,,57.1,42
서울,2021/08/20,3298,3201,97,26.6,30.7,16:41,22.6,6:09,0,0,,63.6,50
서울,2021/08/21,3295,3218,77,23.8,25.5,16:00,21,13:12,62.8,27.9,12:19,88.1,76
서울,2021/08/22,3061,2982,79,24.4,27,13:19,22.4,5:24,0,0,,81.5,63
서울,2021/08/23,3149,3058,91,22.4,24,11:24,21,21:32,7.4,2,18:23,89.3,78
서울,2021/08/24,2703,2622,82,23.4,26.4,15:24,21.1,0:01,10.5,2.8,12:15,93.6,89
서울,2021/08/25,3085,3006,79,25,27.3,15:02,23.5,6:03,0.3,0.3,1:50,85.5,73
서울,2021/08/26,2908,2829,79,25.5,27.9,14:42,22.9,5:23,0.7,0.7,15:20,84.9,75
서울,2021/08/27,3447,3349,98,22.4,25.5,0:01,20.4,23:17,0.9,0.7,13:18,83.5,67
서울,2021/08/28,2447,2349,98,23.6,28.2,14:43,19.7,6:15,0,0,,80.4,57
서울,2021/08/29,3269,3179,90,23.7,26.3,16:40,21.9,7:52,0.9,0.7,1:22,82.6,65
서울,2021/08/30,3628,3546,82,24.2,27.7,15:43,21.2,6:05,0,0,,77.5,57
서울,2021/08/31,3899,3821,78,20.5,23.1,0:01,18.1,18:10,77.4,12.4,13:56,93.3,77
서울,2021/09/01,2598,2466,132,21.4,23.9,15:25,18.5,1:21,0.8,3.1,#SPILL!,83.1,71
서울,2021/09/02,3202,3117,85,23.5,26.7,13:59,20.7,5:51,0,0,,70.3,56
서울,2021/09/03,3410,3314,96,24.3,29.2,15:43,20.6,4:55,0,0,,60.3,38
서울,2021/09/04,3420,3288,132,23.2,28.6,15:05,18.5,5:48,0,0,,57,45
서울,2021/09/05,2772,2693,79,23.1,27.3,13:11,19.4,4:58,0,0,,61.1,51
서울,2021/09/06,2825,2721,104,22.3,26.4,12:52,18,23:45,12,4,21:38,70.1,51
서울,2021/09/07,2153,2054,99,19.6,20.9,16:29,17.6,1:12,29.6,6.6,8:52,98.1,94
서울,2021/09/08,1973,1892,81,22.2,26.9,14:28,19,5:43,1.6,0.7,1:49,81.3,58
서울,2021/09/09,2897,2807,90,23.5,29.1,16:10,19.1,4:32,0,0,,76.5,47
서울,2021/09/10,3062,2968,94,23.6,28.9,14:23,19.5,6:15,0,0,,76,49
서울,2021/09/11,3319,3221,98,24,29.4,14:49,19.9,6:19,0,0,,73.1,49
서울,2021/09/12,3347,3247,100,24.2,29.8,15:57,19.2,6:24,0,0,,64.6,41
서울,2021/09/13,3360,3258,102,24.8,30.3,15:04,20.8,6:10,0,0,,67.1,49
서울,2021/09/14,3363,3268,95,24.6,29.5,16:26,20,6:15,0,0,,63.3,41
서울,2021/09/15,3547,3453,94,23.6,28.9,14:42,19.5,6:20,0,0,,57.5,44
서울,2021/09/16,3257,3165,92,22.9,27.3,13:23,18,5:51,0,0,,61.1,46
서울,2021/09/17,3280,3197,83,23.5,28.2,15:06,20.5,6:58,0,0,,61.4,45
서울,2021/09/18,3518,3422,96,23.9,29.8,15:29,18.9,6:53,0,0,,65.1,44
서울,2021/09/19,3574,3471,103,23.7,27.8,15:13,20.8,23:56,0,0,,62.9,49
서울,2021/09/20,4063,3974,89,23.7,28.4,15:23,19,6:03,0,0,,63.6,48
서울,2021/09/21,3350,3267,83,22,26.2,14:46,17.4,23:53,68.1,27.1,23:12,85.1,59
서울,2021/09/22,2859,2765,94,20.2,24.3,15:24,16.8,4:36,4.5,4.2,0:01,79,56
서울,2021/09/23,3245,3152,93,20.9,25.9,16:17,16.9,3:00,0,0,,67.3,48
서울,2021/09/24,3414,3309,105,21.8,26.9,15:29,16.7,6:19,0,0,,67.5,46
서울,2021/09/25,3373,3292,81,21.2,23.1,16:07,18.7,4:27,0,0,,72.6,66
서울,2021/09/26,3263,3168,95,22.6,27.3,15:35,18.4,6:45,0,0,,63,50
서울,2021/09/27,3502,3397,105,21.6,25,12:08,18.7,5:44,0,0,,66,52
서울,2021/09/28,2878,2780,98,21.5,24.4,12:47,19.6,4:10,1.3,0.7,21:00,75.1,54
서울,2021/09/29,2768,2681,87,20.2,21.4,11:32,17.8,0:00,13.1,5,8:47,93.5,87
서울,2021/09/30,1830,1735,95,20.3,25.9,15:06,16,6:09,0,0,,83.9,62
서울,2021/10/01,2500,2406,94,21.1,27.5,14:16,16.9,6:05,13.3,12.7,21:53,75.8,42
서울,2021/10/02,2589,2483,106,20.7,26.6,15:16,16.4,5:40,0,0,,77.1,50
서울,2021/10/03,2653,2552,101,22.3,28.8,14:47,17.1,5:52,0,0,,69.5,40
서울,2021/10/04,3152,3055,97,22.9,25.6,15:09,19.2,2:23,3.6,3.5,17:14,81,71
서울,2021/10/05,2587,2476,111,23.6,26.5,13:35,21.7,23:38,0,0,,82.4,65
서울,2021/10/06,2782,2673,109,18.8,21.7,0:01,17.9,8:29,6.4,2,7:35,91.5,83
서울,2021/10/07,2803,2698,105,19.4,21.9,13:45,17.9,23:53,4.6,3.8,5:05,85.5,74
서울,2021/10/08,3016,2906,110,18.8,20,13:59,17.5,1:17,3.5,0.9,10:44,91.3,85
서울,2021/10/09,2408,2317,91,20.9,24.1,16:32,18.5,3:39,0.4,0.3,6:35,83.5,72
서울,2021/10/10,2669,2580,89,19.9,24.3,12:09,14.9,23:57,14.2,4.4,12:37,89,80
서울,2021/10/11,2464,2368,96,15.2,17.8,16:14,12.6,6:46,0.3,0.3,11:19,78.6,67
서울,2021/10/12,2440,2341,99,17.9,21.3,15:56,15.8,1:30,0,0,,67.1,53
서울,2021/10/13,2421,2322,99,19.6,25.2,15:55,14.9,4:45,0,0,,66.6,52
서울,2021/10/14,2399,2309,90,19.7,23.9,14:44,17.4,6:59,0,0,,73.6,54
서울,2021/10/15,2400,2308,92,19,21.4,13:56,17,6:37,0,0,,74.4,58
서울,2021/10/16,2181,2088,93,10.7,18.1,0:01,4.2,23:27,0,0,,47.5,31
서울,2021/10/17,1306,1210,96,5.6,10.8,15:48,1.3,6:57,0,0,,37.4,25
서울,2021/10/18,1016,920,96,9.6,16.1,13:47,2.8,4:53,5.6,4.8,23:31,60.4,36
서울,2021/10/19,437,351,86,10.9,15,13:36,7.1,23:59,4.4,3.1,0:01,72.8,47
서울,2021/10/20,408,315,93,9.5,15.8,15:15,4.6,6:12,0,0,,64.9,35
서울,2021/10/21,441,341,100,9.8,16.2,15:11,4.9,6:58,0,0,,64.1,40
서울,2021/10/22,435,342,93,10.8,17.2,15:43,5.2,6:58,0,0,,58.4,33
서울,2021/10/23,521,437,84,11.4,18.4,14:08,5.7,7:16,0,0,,57.3,30
서울,2021/10/24,504,419,85,11.4,18.1,15:22,6,7:13,0,0,,63.1,38
서울,2021/10/25,531,444,87,11.7,17.6,15:28,6.3,7:17,0,0,,64.5,35
서울,2021/10/26,483,400,83,13,19,14:41,7.7,6:38,0,0,,74.5,48
서울,2021/10/27,752,669,83,13.4,18.1,15:57,9.8,23:49,0,0,,63.4,32
서울,2021/10/28,762,691,71,12.7,20,15:37,7.1,7:09,0,0,,54.6,31
서울,2021/10/29,846,765,81,14.6,20.6,14:56,10.5,5:11,0,0,,55.9,36
서울,2021/10/30,902,829,73,13.8,18,16:12,11,7:04,0,0,,62.4,48
서울,2021/10/31,820,745,75,14.1,20.3,14:26,9.2,6:52,0.7,0.7,20:15,73.3,46